site,label_site,wildtype,mutation,condition,protein_chain,protein_site,site_absdiffsel,site_positivediffsel,site_negativediffsel,mut_diffsel
59,59,E,A,PICV3739-rnd2,B A C P O Q,1,31.9550058,0,-31.9550058,-2.438248777
59,59,E,C,PICV3739-rnd2,B A C P O Q,1,31.9550058,0,-31.9550058,-1.306707189
59,59,E,D,PICV3739-rnd2,B A C P O Q,1,31.9550058,0,-31.9550058,-0.911756439
59,59,E,E,PICV3739-rnd2,B A C P O Q,1,31.9550058,0,-31.9550058,NA
59,59,E,F,PICV3739-rnd2,B A C P O Q,1,31.9550058,0,-31.9550058,-3.545131025
59,59,E,G,PICV3739-rnd2,B A C P O Q,1,31.9550058,0,-31.9550058,-0.287084956
59,59,E,H,PICV3739-rnd2,B A C P O Q,1,31.9550058,0,-31.9550058,-2.860193916
59,59,E,I,PICV3739-rnd2,B A C P O Q,1,31.9550058,0,-31.9550058,-1.808375755
59,59,E,K,PICV3739-rnd2,B A C P O Q,1,31.9550058,0,-31.9550058,-0.417858502
59,59,E,L,PICV3739-rnd2,B A C P O Q,1,31.9550058,0,-31.9550058,-1.839370975
59,59,E,M,PICV3739-rnd2,B A C P O Q,1,31.9550058,0,-31.9550058,-1.289143834
59,59,E,N,PICV3739-rnd2,B A C P O Q,1,31.9550058,0,-31.9550058,-1.911756439
59,59,E,P,PICV3739-rnd2,B A C P O Q,1,31.9550058,0,-31.9550058,-1.195116593
59,59,E,Q,PICV3739-rnd2,B A C P O Q,1,31.9550058,0,-31.9550058,-0.025896684
59,59,E,R,PICV3739-rnd2,B A C P O Q,1,31.9550058,0,-31.9550058,-2.336733401
59,59,E,S,PICV3739-rnd2,B A C P O Q,1,31.9550058,0,-31.9550058,-2.283164972
59,59,E,T,PICV3739-rnd2,B A C P O Q,1,31.9550058,0,-31.9550058,-2.109379808
59,59,E,V,PICV3739-rnd2,B A C P O Q,1,31.9550058,0,-31.9550058,-0.811131128
59,59,E,W,PICV3739-rnd2,B A C P O Q,1,31.9550058,0,-31.9550058,-1.306707189
59,59,E,Y,PICV3739-rnd2,B A C P O Q,1,31.9550058,0,-31.9550058,-3.271248216
60,60,T,A,PICV3739-rnd2,B A C P O Q,2,2.570419645,1.85242418,-0.717995465,-0.529776515
60,60,T,C,PICV3739-rnd2,B A C P O Q,2,2.570419645,1.85242418,-0.717995465,0.000103902
60,60,T,D,PICV3739-rnd2,B A C P O Q,2,2.570419645,1.85242418,-0.717995465,0.000103902
60,60,T,E,PICV3739-rnd2,B A C P O Q,2,2.570419645,1.85242418,-0.717995465,0.000103902
60,60,T,F,PICV3739-rnd2,B A C P O Q,2,2.570419645,1.85242418,-0.717995465,0.000103902
60,60,T,G,PICV3739-rnd2,B A C P O Q,2,2.570419645,1.85242418,-0.717995465,0.000103902
60,60,T,H,PICV3739-rnd2,B A C P O Q,2,2.570419645,1.85242418,-0.717995465,0.000103902
60,60,T,I,PICV3739-rnd2,B A C P O Q,2,2.570419645,1.85242418,-0.717995465,0.33517616
60,60,T,K,PICV3739-rnd2,B A C P O Q,2,2.570419645,1.85242418,-0.717995465,0.000103902
60,60,T,L,PICV3739-rnd2,B A C P O Q,2,2.570419645,1.85242418,-0.717995465,0.000103902
60,60,T,M,PICV3739-rnd2,B A C P O Q,2,2.570419645,1.85242418,-0.717995465,0.000103902
60,60,T,N,PICV3739-rnd2,B A C P O Q,2,2.570419645,1.85242418,-0.717995465,0.908744147
60,60,T,P,PICV3739-rnd2,B A C P O Q,2,2.570419645,1.85242418,-0.717995465,-0.18821895
60,60,T,Q,PICV3739-rnd2,B A C P O Q,2,2.570419645,1.85242418,-0.717995465,0.000103902
60,60,T,R,PICV3739-rnd2,B A C P O Q,2,2.570419645,1.85242418,-0.717995465,0.000103902
60,60,T,S,PICV3739-rnd2,B A C P O Q,2,2.570419645,1.85242418,-0.717995465,0.607049238
60,60,T,T,PICV3739-rnd2,B A C P O Q,2,2.570419645,1.85242418,-0.717995465,NA
60,60,T,V,PICV3739-rnd2,B A C P O Q,2,2.570419645,1.85242418,-0.717995465,0.000103902
60,60,T,W,PICV3739-rnd2,B A C P O Q,2,2.570419645,1.85242418,-0.717995465,0.000103902
60,60,T,Y,PICV3739-rnd2,B A C P O Q,2,2.570419645,1.85242418,-0.717995465,0.000103902
61,61,C,A,PICV3739-rnd2,B A C P O Q,3,36.30798177,1.573485406,-34.73449636,-2.221542063
61,61,C,C,PICV3739-rnd2,B A C P O Q,3,36.30798177,1.573485406,-34.73449636,NA
61,61,C,D,PICV3739-rnd2,B A C P O Q,3,36.30798177,1.573485406,-34.73449636,1.573485406
61,61,C,E,PICV3739-rnd2,B A C P O Q,3,36.30798177,1.573485406,-34.73449636,-1.845253596
61,61,C,F,PICV3739-rnd2,B A C P O Q,3,36.30798177,1.573485406,-34.73449636,-0.715538718
61,61,C,G,PICV3739-rnd2,B A C P O Q,3,36.30798177,1.573485406,-34.73449636,-1.96010965
61,61,C,H,PICV3739-rnd2,B A C P O Q,3,36.30798177,1.573485406,-34.73449636,-3.107799508
61,61,C,I,PICV3739-rnd2,B A C P O Q,3,36.30798177,1.573485406,-34.73449636,-2.526930839
61,61,C,K,PICV3739-rnd2,B A C P O Q,3,36.30798177,1.573485406,-34.73449636,-1.677116861
61,61,C,L,PICV3739-rnd2,B A C P O Q,3,36.30798177,1.573485406,-34.73449636,-0.806225386
61,61,C,M,PICV3739-rnd2,B A C P O Q,3,36.30798177,1.573485406,-34.73449636,-2.103466825
61,61,C,N,PICV3739-rnd2,B A C P O Q,3,36.30798177,1.573485406,-34.73449636,-2.590856914
61,61,C,P,PICV3739-rnd2,B A C P O Q,3,36.30798177,1.573485406,-34.73449636,-2.330680423
61,61,C,Q,PICV3739-rnd2,B A C P O Q,3,36.30798177,1.573485406,-34.73449636,-2.103466825
61,61,C,R,PICV3739-rnd2,B A C P O Q,3,36.30798177,1.573485406,-34.73449636,-0.955949399
61,61,C,S,PICV3739-rnd2,B A C P O Q,3,36.30798177,1.573485406,-34.73449636,-1.426042763
61,61,C,T,PICV3739-rnd2,B A C P O Q,3,36.30798177,1.573485406,-34.73449636,-2.658372743
61,61,C,V,PICV3739-rnd2,B A C P O Q,3,36.30798177,1.573485406,-34.73449636,-2.658372743
61,61,C,W,PICV3739-rnd2,B A C P O Q,3,36.30798177,1.573485406,-34.73449636,-2.067646017
61,61,C,Y,PICV3739-rnd2,B A C P O Q,3,36.30798177,1.573485406,-34.73449636,-0.979125087
62,62,E,A,PICV3739-rnd2,B A C P O Q,4,44.76322631,0.239326944,-44.52389936,0.239326944
62,62,E,C,PICV3739-rnd2,B A C P O Q,4,44.76322631,0.239326944,-44.52389936,-1.915047871
62,62,E,D,PICV3739-rnd2,B A C P O Q,4,44.76322631,0.239326944,-44.52389936,-0.707148554
62,62,E,E,PICV3739-rnd2,B A C P O Q,4,44.76322631,0.239326944,-44.52389936,NA
62,62,E,F,PICV3739-rnd2,B A C P O Q,4,44.76322631,0.239326944,-44.52389936,-3.099711423
62,62,E,G,PICV3739-rnd2,B A C P O Q,4,44.76322631,0.239326944,-44.52389936,-1.338381692
62,62,E,H,PICV3739-rnd2,B A C P O Q,4,44.76322631,0.239326944,-44.52389936,-2.39192125
62,62,E,I,PICV3739-rnd2,B A C P O Q,4,44.76322631,0.239326944,-44.52389936,-4.108656789
62,62,E,K,PICV3739-rnd2,B A C P O Q,4,44.76322631,0.239326944,-44.52389936,-1.733259334
62,62,E,L,PICV3739-rnd2,B A C P O Q,4,44.76322631,0.239326944,-44.52389936,-3.302334574
62,62,E,M,PICV3739-rnd2,B A C P O Q,4,44.76322631,0.239326944,-44.52389936,-2.17309893
62,62,E,N,PICV3739-rnd2,B A C P O Q,4,44.76322631,0.239326944,-44.52389936,-3.190055138
62,62,E,P,PICV3739-rnd2,B A C P O Q,4,44.76322631,0.239326944,-44.52389936,-2.581882943
62,62,E,Q,PICV3739-rnd2,B A C P O Q,4,44.76322631,0.239326944,-44.52389936,-2.505802971
62,62,E,R,PICV3739-rnd2,B A C P O Q,4,44.76322631,0.239326944,-44.52389936,-2.863906638
62,62,E,S,PICV3739-rnd2,B A C P O Q,4,44.76322631,0.239326944,-44.52389936,-3.381157631
62,62,E,T,PICV3739-rnd2,B A C P O Q,4,44.76322631,0.239326944,-44.52389936,-2.230993881
62,62,E,V,PICV3739-rnd2,B A C P O Q,4,44.76322631,0.239326944,-44.52389936,-2.152690211
62,62,E,W,PICV3739-rnd2,B A C P O Q,4,44.76322631,0.239326944,-44.52389936,-3.247286865
62,62,E,Y,PICV3739-rnd2,B A C P O Q,4,44.76322631,0.239326944,-44.52389936,-1.600562668
63,63,G,A,PICV3739-rnd2,B A C P O Q,5,40.17125074,1.42039612,-38.75085462,-2.143239314
63,63,G,C,PICV3739-rnd2,B A C P O Q,5,40.17125074,1.42039612,-38.75085462,-1.929482583
63,63,G,D,PICV3739-rnd2,B A C P O Q,5,40.17125074,1.42039612,-38.75085462,-2.097266327
63,63,G,E,PICV3739-rnd2,B A C P O Q,5,40.17125074,1.42039612,-38.75085462,-1.509889537
63,63,G,F,PICV3739-rnd2,B A C P O Q,5,40.17125074,1.42039612,-38.75085462,-2.826644437
63,63,G,G,PICV3739-rnd2,B A C P O Q,5,40.17125074,1.42039612,-38.75085462,NA
63,63,G,H,PICV3739-rnd2,B A C P O Q,5,40.17125074,1.42039612,-38.75085462,1.42039612
63,63,G,I,PICV3739-rnd2,B A C P O Q,5,40.17125074,1.42039612,-38.75085462,-1.914946999
63,63,G,K,PICV3739-rnd2,B A C P O Q,5,40.17125074,1.42039612,-38.75085462,-1.983904955
63,63,G,L,PICV3739-rnd2,B A C P O Q,5,40.17125074,1.42039612,-38.75085462,-3.38092944
63,63,G,M,PICV3739-rnd2,B A C P O Q,5,40.17125074,1.42039612,-38.75085462,-1.685773893
63,63,G,N,PICV3739-rnd2,B A C P O Q,5,40.17125074,1.42039612,-38.75085462,-4.012637599
63,63,G,P,PICV3739-rnd2,B A C P O Q,5,40.17125074,1.42039612,-38.75085462,-2.441645668
63,63,G,Q,PICV3739-rnd2,B A C P O Q,5,40.17125074,1.42039612,-38.75085462,-2.112656758
63,63,G,R,PICV3739-rnd2,B A C P O Q,5,40.17125074,1.42039612,-38.75085462,-2.482276569
63,63,G,S,PICV3739-rnd2,B A C P O Q,5,40.17125074,1.42039612,-38.75085462,-1.203977834
63,63,G,T,PICV3739-rnd2,B A C P O Q,5,40.17125074,1.42039612,-38.75085462,-1.197872914
63,63,G,V,PICV3739-rnd2,B A C P O Q,5,40.17125074,1.42039612,-38.75085462,-0.346155282
63,63,G,W,PICV3739-rnd2,B A C P O Q,5,40.17125074,1.42039612,-38.75085462,-2.581708218
63,63,G,Y,PICV3739-rnd2,B A C P O Q,5,40.17125074,1.42039612,-38.75085462,-2.899846292
64,64,R,A,PICV3739-rnd2,B A C P O Q,6,79.49336577,0,-79.49336577,-3.495694316
64,64,R,C,PICV3739-rnd2,B A C P O Q,6,79.49336577,0,-79.49336577,-2.996123306
64,64,R,D,PICV3739-rnd2,B A C P O Q,6,79.49336577,0,-79.49336577,-4.160510124
64,64,R,E,PICV3739-rnd2,B A C P O Q,6,79.49336577,0,-79.49336577,-5.595250426
64,64,R,F,PICV3739-rnd2,B A C P O Q,6,79.49336577,0,-79.49336577,-3.866062766
64,64,R,G,PICV3739-rnd2,B A C P O Q,6,79.49336577,0,-79.49336577,-1.700160777
64,64,R,H,PICV3739-rnd2,B A C P O Q,6,79.49336577,0,-79.49336577,-3.971032325
64,64,R,I,PICV3739-rnd2,B A C P O Q,6,79.49336577,0,-79.49336577,-6.921413818
64,64,R,K,PICV3739-rnd2,B A C P O Q,6,79.49336577,0,-79.49336577,-6.113224071
64,64,R,L,PICV3739-rnd2,B A C P O Q,6,79.49336577,0,-79.49336577,-2.700740039
64,64,R,M,PICV3739-rnd2,B A C P O Q,6,79.49336577,0,-79.49336577,-5.812681169
64,64,R,N,PICV3739-rnd2,B A C P O Q,6,79.49336577,0,-79.49336577,-6.396557754
64,64,R,P,PICV3739-rnd2,B A C P O Q,6,79.49336577,0,-79.49336577,-2.807554146
64,64,R,Q,PICV3739-rnd2,B A C P O Q,6,79.49336577,0,-79.49336577,-4.231594399
64,64,R,R,PICV3739-rnd2,B A C P O Q,6,79.49336577,0,-79.49336577,NA
64,64,R,S,PICV3739-rnd2,B A C P O Q,6,79.49336577,0,-79.49336577,-6.172888014
64,64,R,T,PICV3739-rnd2,B A C P O Q,6,79.49336577,0,-79.49336577,-6.296262928
64,64,R,V,PICV3739-rnd2,B A C P O Q,6,79.49336577,0,-79.49336577,-4.879609298
64,64,R,W,PICV3739-rnd2,B A C P O Q,6,79.49336577,0,-79.49336577,-0.23786378
64,64,R,Y,PICV3739-rnd2,B A C P O Q,6,79.49336577,0,-79.49336577,-1.138142311
65,65,N,A,PICV3739-rnd2,B A C P O Q,7,2.852925975,1.493246776,-1.359679199,9.99E-05
65,65,N,C,PICV3739-rnd2,B A C P O Q,7,2.852925975,1.493246776,-1.359679199,9.99E-05
65,65,N,D,PICV3739-rnd2,B A C P O Q,7,2.852925975,1.493246776,-1.359679199,-0.328491281
65,65,N,E,PICV3739-rnd2,B A C P O Q,7,2.852925975,1.493246776,-1.359679199,9.99E-05
65,65,N,F,PICV3739-rnd2,B A C P O Q,7,2.852925975,1.493246776,-1.359679199,9.99E-05
65,65,N,G,PICV3739-rnd2,B A C P O Q,7,2.852925975,1.493246776,-1.359679199,9.99E-05
65,65,N,H,PICV3739-rnd2,B A C P O Q,7,2.852925975,1.493246776,-1.359679199,0.019811271
65,65,N,I,PICV3739-rnd2,B A C P O Q,7,2.852925975,1.493246776,-1.359679199,-0.212362174
65,65,N,K,PICV3739-rnd2,B A C P O Q,7,2.852925975,1.493246776,-1.359679199,0.774969978
65,65,N,L,PICV3739-rnd2,B A C P O Q,7,2.852925975,1.493246776,-1.359679199,9.99E-05
65,65,N,M,PICV3739-rnd2,B A C P O Q,7,2.852925975,1.493246776,-1.359679199,9.99E-05
65,65,N,N,PICV3739-rnd2,B A C P O Q,7,2.852925975,1.493246776,-1.359679199,NA
65,65,N,P,PICV3739-rnd2,B A C P O Q,7,2.852925975,1.493246776,-1.359679199,9.99E-05
65,65,N,Q,PICV3739-rnd2,B A C P O Q,7,2.852925975,1.493246776,-1.359679199,9.99E-05
65,65,N,R,PICV3739-rnd2,B A C P O Q,7,2.852925975,1.493246776,-1.359679199,9.99E-05
65,65,N,S,PICV3739-rnd2,B A C P O Q,7,2.852925975,1.493246776,-1.359679199,0.455062486
65,65,N,T,PICV3739-rnd2,B A C P O Q,7,2.852925975,1.493246776,-1.359679199,0.242203693
65,65,N,V,PICV3739-rnd2,B A C P O Q,7,2.852925975,1.493246776,-1.359679199,9.99E-05
65,65,N,W,PICV3739-rnd2,B A C P O Q,7,2.852925975,1.493246776,-1.359679199,9.99E-05
65,65,N,Y,PICV3739-rnd2,B A C P O Q,7,2.852925975,1.493246776,-1.359679199,-0.818825743
66,66,S,A,PICV3739-rnd2,B A C P O Q,8,48.45817119,0,-48.45817119,-3.355865201
66,66,S,C,PICV3739-rnd2,B A C P O Q,8,48.45817119,0,-48.45817119,-1.124220125
66,66,S,D,PICV3739-rnd2,B A C P O Q,8,48.45817119,0,-48.45817119,-4.122316517
66,66,S,E,PICV3739-rnd2,B A C P O Q,8,48.45817119,0,-48.45817119,-1.996125588
66,66,S,F,PICV3739-rnd2,B A C P O Q,8,48.45817119,0,-48.45817119,-2.839838872
66,66,S,G,PICV3739-rnd2,B A C P O Q,8,48.45817119,0,-48.45817119,-0.8554132
66,66,S,H,PICV3739-rnd2,B A C P O Q,8,48.45817119,0,-48.45817119,-2.876935148
66,66,S,I,PICV3739-rnd2,B A C P O Q,8,48.45817119,0,-48.45817119,-3.806256915
66,66,S,K,PICV3739-rnd2,B A C P O Q,8,48.45817119,0,-48.45817119,-2.404526969
66,66,S,L,PICV3739-rnd2,B A C P O Q,8,48.45817119,0,-48.45817119,-4.13768202
66,66,S,M,PICV3739-rnd2,B A C P O Q,8,48.45817119,0,-48.45817119,-2.594675611
66,66,S,N,PICV3739-rnd2,B A C P O Q,8,48.45817119,0,-48.45817119,-2.537354016
66,66,S,P,PICV3739-rnd2,B A C P O Q,8,48.45817119,0,-48.45817119,-3.368702649
66,66,S,Q,PICV3739-rnd2,B A C P O Q,8,48.45817119,0,-48.45817119,-1.927059829
66,66,S,R,PICV3739-rnd2,B A C P O Q,8,48.45817119,0,-48.45817119,-0.372974205
66,66,S,S,PICV3739-rnd2,B A C P O Q,8,48.45817119,0,-48.45817119,NA
66,66,S,T,PICV3739-rnd2,B A C P O Q,8,48.45817119,0,-48.45817119,-1.143671666
66,66,S,V,PICV3739-rnd2,B A C P O Q,8,48.45817119,0,-48.45817119,-2.876935148
66,66,S,W,PICV3739-rnd2,B A C P O Q,8,48.45817119,0,-48.45817119,-2.404526969
66,66,S,Y,PICV3739-rnd2,B A C P O Q,8,48.45817119,0,-48.45817119,-3.713090544
67,67,C,A,PICV3739-rnd2,B A C P O Q,9,45.0086808,0.858488175,-44.15019263,-3.763313624
67,67,C,C,PICV3739-rnd2,B A C P O Q,9,45.0086808,0.858488175,-44.15019263,NA
67,67,C,D,PICV3739-rnd2,B A C P O Q,9,45.0086808,0.858488175,-44.15019263,-3.711399701
67,67,C,E,PICV3739-rnd2,B A C P O Q,9,45.0086808,0.858488175,-44.15019263,-1.768373712
67,67,C,F,PICV3739-rnd2,B A C P O Q,9,45.0086808,0.858488175,-44.15019263,0.858488175
67,67,C,G,PICV3739-rnd2,B A C P O Q,9,45.0086808,0.858488175,-44.15019263,-3.066649455
67,67,C,H,PICV3739-rnd2,B A C P O Q,9,45.0086808,0.858488175,-44.15019263,-3.43359944
67,67,C,I,PICV3739-rnd2,B A C P O Q,9,45.0086808,0.858488175,-44.15019263,-0.332126228
67,67,C,K,PICV3739-rnd2,B A C P O Q,9,45.0086808,0.858488175,-44.15019263,-2.443917792
67,67,C,L,PICV3739-rnd2,B A C P O Q,9,45.0086808,0.858488175,-44.15019263,-4.063784937
67,67,C,M,PICV3739-rnd2,B A C P O Q,9,45.0086808,0.858488175,-44.15019263,-2.804091916
67,67,C,N,PICV3739-rnd2,B A C P O Q,9,45.0086808,0.858488175,-44.15019263,-2.93745775
67,67,C,P,PICV3739-rnd2,B A C P O Q,9,45.0086808,0.858488175,-44.15019263,-3.45808597
67,67,C,Q,PICV3739-rnd2,B A C P O Q,9,45.0086808,0.858488175,-44.15019263,-1.723032177
67,67,C,R,PICV3739-rnd2,B A C P O Q,9,45.0086808,0.858488175,-44.15019263,-1.031515508
67,67,C,S,PICV3739-rnd2,B A C P O Q,9,45.0086808,0.858488175,-44.15019263,-0.842618915
67,67,C,T,PICV3739-rnd2,B A C P O Q,9,45.0086808,0.858488175,-44.15019263,-2.479300251
67,67,C,V,PICV3739-rnd2,B A C P O Q,9,45.0086808,0.858488175,-44.15019263,-3.070459986
67,67,C,W,PICV3739-rnd2,B A C P O Q,9,45.0086808,0.858488175,-44.15019263,-1.297404252
67,67,C,Y,PICV3739-rnd2,B A C P O Q,9,45.0086808,0.858488175,-44.15019263,-1.923061011
68,68,V,A,PICV3739-rnd2,B A C P O Q,10,50.71386289,2.171851857,-48.54201104,-0.627057856
68,68,V,C,PICV3739-rnd2,B A C P O Q,10,50.71386289,2.171851857,-48.54201104,2.129058314
68,68,V,D,PICV3739-rnd2,B A C P O Q,10,50.71386289,2.171851857,-48.54201104,-0.551610195
68,68,V,E,PICV3739-rnd2,B A C P O Q,10,50.71386289,2.171851857,-48.54201104,-2.777127401
68,68,V,F,PICV3739-rnd2,B A C P O Q,10,50.71386289,2.171851857,-48.54201104,-0.108554489
68,68,V,G,PICV3739-rnd2,B A C P O Q,10,50.71386289,2.171851857,-48.54201104,-3.081379918
68,68,V,H,PICV3739-rnd2,B A C P O Q,10,50.71386289,2.171851857,-48.54201104,-3.205280903
68,68,V,I,PICV3739-rnd2,B A C P O Q,10,50.71386289,2.171851857,-48.54201104,0.042793542
68,68,V,K,PICV3739-rnd2,B A C P O Q,10,50.71386289,2.171851857,-48.54201104,-2.841758322
68,68,V,L,PICV3739-rnd2,B A C P O Q,10,50.71386289,2.171851857,-48.54201104,-1.09803653
68,68,V,M,PICV3739-rnd2,B A C P O Q,10,50.71386289,2.171851857,-48.54201104,-3.542401594
68,68,V,N,PICV3739-rnd2,B A C P O Q,10,50.71386289,2.171851857,-48.54201104,-2.187229442
68,68,V,P,PICV3739-rnd2,B A C P O Q,10,50.71386289,2.171851857,-48.54201104,-2.803676129
68,68,V,Q,PICV3739-rnd2,B A C P O Q,10,50.71386289,2.171851857,-48.54201104,-8.594937092
68,68,V,R,PICV3739-rnd2,B A C P O Q,10,50.71386289,2.171851857,-48.54201104,-2.640420878
68,68,V,S,PICV3739-rnd2,B A C P O Q,10,50.71386289,2.171851857,-48.54201104,-3.985898594
68,68,V,T,PICV3739-rnd2,B A C P O Q,10,50.71386289,2.171851857,-48.54201104,-4.139752815
68,68,V,V,PICV3739-rnd2,B A C P O Q,10,50.71386289,2.171851857,-48.54201104,NA
68,68,V,W,PICV3739-rnd2,B A C P O Q,10,50.71386289,2.171851857,-48.54201104,-2.640420878
68,68,V,Y,PICV3739-rnd2,B A C P O Q,10,50.71386289,2.171851857,-48.54201104,-3.716468001
69,69,S,A,PICV3739-rnd2,B A C P O Q,11,51.36236178,2.024207369,-49.33815441,-3.227827626
69,69,S,C,PICV3739-rnd2,B A C P O Q,11,51.36236178,2.024207369,-49.33815441,-1.044978791
69,69,S,D,PICV3739-rnd2,B A C P O Q,11,51.36236178,2.024207369,-49.33815441,-0.017341097
69,69,S,E,PICV3739-rnd2,B A C P O Q,11,51.36236178,2.024207369,-49.33815441,-6.065115281
69,69,S,F,PICV3739-rnd2,B A C P O Q,11,51.36236178,2.024207369,-49.33815441,-4.303865519
69,69,S,G,PICV3739-rnd2,B A C P O Q,11,51.36236178,2.024207369,-49.33815441,-1.774305546
69,69,S,H,PICV3739-rnd2,B A C P O Q,11,51.36236178,2.024207369,-49.33815441,-3.865217316
69,69,S,I,PICV3739-rnd2,B A C P O Q,11,51.36236178,2.024207369,-49.33815441,-2.498549321
69,69,S,K,PICV3739-rnd2,B A C P O Q,11,51.36236178,2.024207369,-49.33815441,-3.25617006
69,69,S,L,PICV3739-rnd2,B A C P O Q,11,51.36236178,2.024207369,-49.33815441,-2.282202204
69,69,S,M,PICV3739-rnd2,B A C P O Q,11,51.36236178,2.024207369,-49.33815441,-2.239343254
69,69,S,N,PICV3739-rnd2,B A C P O Q,11,51.36236178,2.024207369,-49.33815441,-2.87263097
69,69,S,P,PICV3739-rnd2,B A C P O Q,11,51.36236178,2.024207369,-49.33815441,-1.03814908
69,69,S,Q,PICV3739-rnd2,B A C P O Q,11,51.36236178,2.024207369,-49.33815441,-3.883501757
69,69,S,R,PICV3739-rnd2,B A C P O Q,11,51.36236178,2.024207369,-49.33815441,-3.535928259
69,69,S,S,PICV3739-rnd2,B A C P O Q,11,51.36236178,2.024207369,-49.33815441,NA
69,69,S,T,PICV3739-rnd2,B A C P O Q,11,51.36236178,2.024207369,-49.33815441,1.72413087
69,69,S,V,PICV3739-rnd2,B A C P O Q,11,51.36236178,2.024207369,-49.33815441,-4.674642665
69,69,S,W,PICV3739-rnd2,B A C P O Q,11,51.36236178,2.024207369,-49.33815441,-2.758385666
69,69,S,Y,PICV3739-rnd2,B A C P O Q,11,51.36236178,2.024207369,-49.33815441,0.300076499
70,70,C,A,PICV3739-rnd2,B A C P O Q,12,38.64587403,0.735618153,-37.91025587,-2.171343947
70,70,C,C,PICV3739-rnd2,B A C P O Q,12,38.64587403,0.735618153,-37.91025587,NA
70,70,C,D,PICV3739-rnd2,B A C P O Q,12,38.64587403,0.735618153,-37.91025587,-1.853015934
70,70,C,E,PICV3739-rnd2,B A C P O Q,12,38.64587403,0.735618153,-37.91025587,-2.896184406
70,70,C,F,PICV3739-rnd2,B A C P O Q,12,38.64587403,0.735618153,-37.91025587,-0.429769731
70,70,C,G,PICV3739-rnd2,B A C P O Q,12,38.64587403,0.735618153,-37.91025587,-0.196533549
70,70,C,H,PICV3739-rnd2,B A C P O Q,12,38.64587403,0.735618153,-37.91025587,-3.925847065
70,70,C,I,PICV3739-rnd2,B A C P O Q,12,38.64587403,0.735618153,-37.91025587,-3.188067995
70,70,C,K,PICV3739-rnd2,B A C P O Q,12,38.64587403,0.735618153,-37.91025587,-0.920959318
70,70,C,L,PICV3739-rnd2,B A C P O Q,12,38.64587403,0.735618153,-37.91025587,-1.308163955
70,70,C,M,PICV3739-rnd2,B A C P O Q,12,38.64587403,0.735618153,-37.91025587,-2.58001472
70,70,C,N,PICV3739-rnd2,B A C P O Q,12,38.64587403,0.735618153,-37.91025587,-0.608828976
70,70,C,P,PICV3739-rnd2,B A C P O Q,12,38.64587403,0.735618153,-37.91025587,-3.158582273
70,70,C,Q,PICV3739-rnd2,B A C P O Q,12,38.64587403,0.735618153,-37.91025587,-3.994209487
70,70,C,R,PICV3739-rnd2,B A C P O Q,12,38.64587403,0.735618153,-37.91025587,0.735618153
70,70,C,S,PICV3739-rnd2,B A C P O Q,12,38.64587403,0.735618153,-37.91025587,-1.505350239
70,70,C,T,PICV3739-rnd2,B A C P O Q,12,38.64587403,0.735618153,-37.91025587,-2.747811221
70,70,C,V,PICV3739-rnd2,B A C P O Q,12,38.64587403,0.735618153,-37.91025587,-3.719208503
70,70,C,W,PICV3739-rnd2,B A C P O Q,12,38.64587403,0.735618153,-37.91025587,-1.930565466
70,70,C,Y,PICV3739-rnd2,B A C P O Q,12,38.64587403,0.735618153,-37.91025587,-0.775799086
71,71,F,A,PICV3739-rnd2,B A C P O Q,13,38.3648053,1.090395402,-37.2744099,-2.665446106
71,71,F,C,PICV3739-rnd2,B A C P O Q,13,38.3648053,1.090395402,-37.2744099,-3.311405807
71,71,F,D,PICV3739-rnd2,B A C P O Q,13,38.3648053,1.090395402,-37.2744099,1.074871994
71,71,F,E,PICV3739-rnd2,B A C P O Q,13,38.3648053,1.090395402,-37.2744099,-0.276091138
71,71,F,F,PICV3739-rnd2,B A C P O Q,13,38.3648053,1.090395402,-37.2744099,NA
71,71,F,G,PICV3739-rnd2,B A C P O Q,13,38.3648053,1.090395402,-37.2744099,-1.683506289
71,71,F,H,PICV3739-rnd2,B A C P O Q,13,38.3648053,1.090395402,-37.2744099,-1.981507433
71,71,F,I,PICV3739-rnd2,B A C P O Q,13,38.3648053,1.090395402,-37.2744099,-2.96783539
71,71,F,K,PICV3739-rnd2,B A C P O Q,13,38.3648053,1.090395402,-37.2744099,-1.752814819
71,71,F,L,PICV3739-rnd2,B A C P O Q,13,38.3648053,1.090395402,-37.2744099,0.015523408
71,71,F,M,PICV3739-rnd2,B A C P O Q,13,38.3648053,1.090395402,-37.2744099,-3.187118977
71,71,F,N,PICV3739-rnd2,B A C P O Q,13,38.3648053,1.090395402,-37.2744099,-1.90746393
71,71,F,P,PICV3739-rnd2,B A C P O Q,13,38.3648053,1.090395402,-37.2744099,-3.403521331
71,71,F,Q,PICV3739-rnd2,B A C P O Q,13,38.3648053,1.090395402,-37.2744099,-1.411069772
71,71,F,R,PICV3739-rnd2,B A C P O Q,13,38.3648053,1.090395402,-37.2744099,-3.523948663
71,71,F,S,PICV3739-rnd2,B A C P O Q,13,38.3648053,1.090395402,-37.2744099,-0.384593061
71,71,F,T,PICV3739-rnd2,B A C P O Q,13,38.3648053,1.090395402,-37.2744099,-3.216012118
71,71,F,V,PICV3739-rnd2,B A C P O Q,13,38.3648053,1.090395402,-37.2744099,-2.555524424
71,71,F,W,PICV3739-rnd2,B A C P O Q,13,38.3648053,1.090395402,-37.2744099,-0.508610426
71,71,F,Y,PICV3739-rnd2,B A C P O Q,13,38.3648053,1.090395402,-37.2744099,-2.537940213
72,72,N,A,PICV3739-rnd2,B A C P O Q,14,68.50998233,0,-68.50998233,-0.160077599
72,72,N,C,PICV3739-rnd2,B A C P O Q,14,68.50998233,0,-68.50998233,-4.999163716
72,72,N,D,PICV3739-rnd2,B A C P O Q,14,68.50998233,0,-68.50998233,-1.634585549
72,72,N,E,PICV3739-rnd2,B A C P O Q,14,68.50998233,0,-68.50998233,-7.962460195
72,72,N,F,PICV3739-rnd2,B A C P O Q,14,68.50998233,0,-68.50998233,-2.086077018
72,72,N,G,PICV3739-rnd2,B A C P O Q,14,68.50998233,0,-68.50998233,-4.247540441
72,72,N,H,PICV3739-rnd2,B A C P O Q,14,68.50998233,0,-68.50998233,-2.713202645
72,72,N,I,PICV3739-rnd2,B A C P O Q,14,68.50998233,0,-68.50998233,-2.154234277
72,72,N,K,PICV3739-rnd2,B A C P O Q,14,68.50998233,0,-68.50998233,-7.000886543
72,72,N,L,PICV3739-rnd2,B A C P O Q,14,68.50998233,0,-68.50998233,-3.768886842
72,72,N,M,PICV3739-rnd2,B A C P O Q,14,68.50998233,0,-68.50998233,-4.104936045
72,72,N,N,PICV3739-rnd2,B A C P O Q,14,68.50998233,0,-68.50998233,NA
72,72,N,P,PICV3739-rnd2,B A C P O Q,14,68.50998233,0,-68.50998233,-3.538589223
72,72,N,Q,PICV3739-rnd2,B A C P O Q,14,68.50998233,0,-68.50998233,-7.239302263
72,72,N,R,PICV3739-rnd2,B A C P O Q,14,68.50998233,0,-68.50998233,-3.452859349
72,72,N,S,PICV3739-rnd2,B A C P O Q,14,68.50998233,0,-68.50998233,-1.47318343
72,72,N,T,PICV3739-rnd2,B A C P O Q,14,68.50998233,0,-68.50998233,-3.117781899
72,72,N,V,PICV3739-rnd2,B A C P O Q,14,68.50998233,0,-68.50998233,-2.361711461
72,72,N,W,PICV3739-rnd2,B A C P O Q,14,68.50998233,0,-68.50998233,-4.392738356
72,72,N,Y,PICV3739-rnd2,B A C P O Q,14,68.50998233,0,-68.50998233,-2.101765481
73,73,V,A,PICV3739-rnd2,B A C P O Q,15,43.99723712,0.176590009,-43.82064711,-1.714058108
73,73,V,C,PICV3739-rnd2,B A C P O Q,15,43.99723712,0.176590009,-43.82064711,-2.495079524
73,73,V,D,PICV3739-rnd2,B A C P O Q,15,43.99723712,0.176590009,-43.82064711,-2.203871779
73,73,V,E,PICV3739-rnd2,B A C P O Q,15,43.99723712,0.176590009,-43.82064711,-0.249215369
73,73,V,F,PICV3739-rnd2,B A C P O Q,15,43.99723712,0.176590009,-43.82064711,-1.796107668
73,73,V,G,PICV3739-rnd2,B A C P O Q,15,43.99723712,0.176590009,-43.82064711,-0.424690196
73,73,V,H,PICV3739-rnd2,B A C P O Q,15,43.99723712,0.176590009,-43.82064711,-3.555204411
73,73,V,I,PICV3739-rnd2,B A C P O Q,15,43.99723712,0.176590009,-43.82064711,-3.100591904
73,73,V,K,PICV3739-rnd2,B A C P O Q,15,43.99723712,0.176590009,-43.82064711,-1.91984724
73,73,V,L,PICV3739-rnd2,B A C P O Q,15,43.99723712,0.176590009,-43.82064711,-5.404971158
73,73,V,M,PICV3739-rnd2,B A C P O Q,15,43.99723712,0.176590009,-43.82064711,-1.605173982
73,73,V,N,PICV3739-rnd2,B A C P O Q,15,43.99723712,0.176590009,-43.82064711,-1.117681437
73,73,V,P,PICV3739-rnd2,B A C P O Q,15,43.99723712,0.176590009,-43.82064711,-1.245934422
73,73,V,Q,PICV3739-rnd2,B A C P O Q,15,43.99723712,0.176590009,-43.82064711,-3.664698592
73,73,V,R,PICV3739-rnd2,B A C P O Q,15,43.99723712,0.176590009,-43.82064711,-2.854199926
73,73,V,S,PICV3739-rnd2,B A C P O Q,15,43.99723712,0.176590009,-43.82064711,-2.158027663
73,73,V,T,PICV3739-rnd2,B A C P O Q,15,43.99723712,0.176590009,-43.82064711,-3.372847695
73,73,V,V,PICV3739-rnd2,B A C P O Q,15,43.99723712,0.176590009,-43.82064711,NA
73,73,V,W,PICV3739-rnd2,B A C P O Q,15,43.99723712,0.176590009,-43.82064711,-4.93844604
73,73,V,Y,PICV3739-rnd2,B A C P O Q,15,43.99723712,0.176590009,-43.82064711,0.176590009
74,74,S,A,PICV3739-rnd2,B A C P O Q,16,44.41465612,1.921118231,-42.49353789,-2.292985995
74,74,S,C,PICV3739-rnd2,B A C P O Q,16,44.41465612,1.921118231,-42.49353789,-3.390407472
74,74,S,D,PICV3739-rnd2,B A C P O Q,16,44.41465612,1.921118231,-42.49353789,-0.66853703
74,74,S,E,PICV3739-rnd2,B A C P O Q,16,44.41465612,1.921118231,-42.49353789,-4.084349454
74,74,S,F,PICV3739-rnd2,B A C P O Q,16,44.41465612,1.921118231,-42.49353789,-1.66853703
74,74,S,G,PICV3739-rnd2,B A C P O Q,16,44.41465612,1.921118231,-42.49353789,-4.004428022
74,74,S,H,PICV3739-rnd2,B A C P O Q,16,44.41465612,1.921118231,-42.49353789,-0.249877703
74,74,S,I,PICV3739-rnd2,B A C P O Q,16,44.41465612,1.921118231,-42.49353789,1.921118231
74,74,S,K,PICV3739-rnd2,B A C P O Q,16,44.41465612,1.921118231,-42.49353789,-2.906660701
74,74,S,L,PICV3739-rnd2,B A C P O Q,16,44.41465612,1.921118231,-42.49353789,-2.941929678
74,74,S,M,PICV3739-rnd2,B A C P O Q,16,44.41465612,1.921118231,-42.49353789,-2.179362955
74,74,S,N,PICV3739-rnd2,B A C P O Q,16,44.41465612,1.921118231,-42.49353789,-1.631007751
74,74,S,P,PICV3739-rnd2,B A C P O Q,16,44.41465612,1.921118231,-42.49353789,-6.497736176
74,74,S,Q,PICV3739-rnd2,B A C P O Q,16,44.41465612,1.921118231,-42.49353789,-2.716092766
74,74,S,R,PICV3739-rnd2,B A C P O Q,16,44.41465612,1.921118231,-42.49353789,-0.033527877
74,74,S,S,PICV3739-rnd2,B A C P O Q,16,44.41465612,1.921118231,-42.49353789,NA
74,74,S,T,PICV3739-rnd2,B A C P O Q,16,44.41465612,1.921118231,-42.49353789,-0.586613632
74,74,S,V,PICV3739-rnd2,B A C P O Q,16,44.41465612,1.921118231,-42.49353789,-0.005079344
74,74,S,W,PICV3739-rnd2,B A C P O Q,16,44.41465612,1.921118231,-42.49353789,-4.517394938
74,74,S,Y,PICV3739-rnd2,B A C P O Q,16,44.41465612,1.921118231,-42.49353789,-2.11900937
75,75,V,A,PICV3739-rnd2,B A C P O Q,17,35.88729631,32.95225621,-2.935040105,7.044129048
75,75,V,C,PICV3739-rnd2,B A C P O Q,17,35.88729631,32.95225621,-2.935040105,0.704492153
75,75,V,D,PICV3739-rnd2,B A C P O Q,17,35.88729631,32.95225621,-2.935040105,2.369353078
75,75,V,E,PICV3739-rnd2,B A C P O Q,17,35.88729631,32.95225621,-2.935040105,3.954153084
75,75,V,F,PICV3739-rnd2,B A C P O Q,17,35.88729631,32.95225621,-2.935040105,0.522865282
75,75,V,G,PICV3739-rnd2,B A C P O Q,17,35.88729631,32.95225621,-2.935040105,1.712740123
75,75,V,H,PICV3739-rnd2,B A C P O Q,17,35.88729631,32.95225621,-2.935040105,0.407618823
75,75,V,I,PICV3739-rnd2,B A C P O Q,17,35.88729631,32.95225621,-2.935040105,0.481139238
75,75,V,K,PICV3739-rnd2,B A C P O Q,17,35.88729631,32.95225621,-2.935040105,-0.433826377
75,75,V,L,PICV3739-rnd2,B A C P O Q,17,35.88729631,32.95225621,-2.935040105,0.203392863
75,75,V,M,PICV3739-rnd2,B A C P O Q,17,35.88729631,32.95225621,-2.935040105,-0.979346373
75,75,V,N,PICV3739-rnd2,B A C P O Q,17,35.88729631,32.95225621,-2.935040105,0.845641824
75,75,V,P,PICV3739-rnd2,B A C P O Q,17,35.88729631,32.95225621,-2.935040105,3.113974828
75,75,V,Q,PICV3739-rnd2,B A C P O Q,17,35.88729631,32.95225621,-2.935040105,3.086481929
75,75,V,R,PICV3739-rnd2,B A C P O Q,17,35.88729631,32.95225621,-2.935040105,1.721286117
75,75,V,S,PICV3739-rnd2,B A C P O Q,17,35.88729631,32.95225621,-2.935040105,4.043823594
75,75,V,T,PICV3739-rnd2,B A C P O Q,17,35.88729631,32.95225621,-2.935040105,2.741164225
75,75,V,V,PICV3739-rnd2,B A C P O Q,17,35.88729631,32.95225621,-2.935040105,NA
75,75,V,W,PICV3739-rnd2,B A C P O Q,17,35.88729631,32.95225621,-2.935040105,-1.007460685
75,75,V,Y,PICV3739-rnd2,B A C P O Q,17,35.88729631,32.95225621,-2.935040105,-0.514406671
76,76,V,A,PICV3739-rnd2,B A C P O Q,18,43.57266436,0,-43.57266436,-1.348028328
76,76,V,C,PICV3739-rnd2,B A C P O Q,18,43.57266436,0,-43.57266436,-1.292759353
76,76,V,D,PICV3739-rnd2,B A C P O Q,18,43.57266436,0,-43.57266436,-2.064376416
76,76,V,E,PICV3739-rnd2,B A C P O Q,18,43.57266436,0,-43.57266436,-5.246540637
76,76,V,F,PICV3739-rnd2,B A C P O Q,18,43.57266436,0,-43.57266436,-0.078570674
76,76,V,G,PICV3739-rnd2,B A C P O Q,18,43.57266436,0,-43.57266436,-1.907597867
76,76,V,H,PICV3739-rnd2,B A C P O Q,18,43.57266436,0,-43.57266436,-5.335068165
76,76,V,I,PICV3739-rnd2,B A C P O Q,18,43.57266436,0,-43.57266436,-0.380118341
76,76,V,K,PICV3739-rnd2,B A C P O Q,18,43.57266436,0,-43.57266436,-1.077822876
76,76,V,L,PICV3739-rnd2,B A C P O Q,18,43.57266436,0,-43.57266436,-2.145904479
76,76,V,M,PICV3739-rnd2,B A C P O Q,18,43.57266436,0,-43.57266436,-3.617681252
76,76,V,N,PICV3739-rnd2,B A C P O Q,18,43.57266436,0,-43.57266436,-1.151247568
76,76,V,P,PICV3739-rnd2,B A C P O Q,18,43.57266436,0,-43.57266436,-2.113879594
76,76,V,Q,PICV3739-rnd2,B A C P O Q,18,43.57266436,0,-43.57266436,-2.626815592
76,76,V,R,PICV3739-rnd2,B A C P O Q,18,43.57266436,0,-43.57266436,-2.86501928
76,76,V,S,PICV3739-rnd2,B A C P O Q,18,43.57266436,0,-43.57266436,-2.050929963
76,76,V,T,PICV3739-rnd2,B A C P O Q,18,43.57266436,0,-43.57266436,-3.722388803
76,76,V,V,PICV3739-rnd2,B A C P O Q,18,43.57266436,0,-43.57266436,NA
76,76,V,W,PICV3739-rnd2,B A C P O Q,18,43.57266436,0,-43.57266436,-3.993893644
76,76,V,Y,PICV3739-rnd2,B A C P O Q,18,43.57266436,0,-43.57266436,-0.55402153
77,77,N,A,PICV3739-rnd2,B A C P O Q,19,51.67484435,0,-51.67484435,-3.242768383
77,77,N,C,PICV3739-rnd2,B A C P O Q,19,51.67484435,0,-51.67484435,-5.732134881
77,77,N,D,PICV3739-rnd2,B A C P O Q,19,51.67484435,0,-51.67484435,-2.279353638
77,77,N,E,PICV3739-rnd2,B A C P O Q,19,51.67484435,0,-51.67484435,-2.496514633
77,77,N,F,PICV3739-rnd2,B A C P O Q,19,51.67484435,0,-51.67484435,-2.669325363
77,77,N,G,PICV3739-rnd2,B A C P O Q,19,51.67484435,0,-51.67484435,-4.234219112
77,77,N,H,PICV3739-rnd2,B A C P O Q,19,51.67484435,0,-51.67484435,-1.691754599
77,77,N,I,PICV3739-rnd2,B A C P O Q,19,51.67484435,0,-51.67484435,-1.863113392
77,77,N,K,PICV3739-rnd2,B A C P O Q,19,51.67484435,0,-51.67484435,-1.083617623
77,77,N,L,PICV3739-rnd2,B A C P O Q,19,51.67484435,0,-51.67484435,-3.281884239
77,77,N,M,PICV3739-rnd2,B A C P O Q,19,51.67484435,0,-51.67484435,-3.137222836
77,77,N,N,PICV3739-rnd2,B A C P O Q,19,51.67484435,0,-51.67484435,NA
77,77,N,P,PICV3739-rnd2,B A C P O Q,19,51.67484435,0,-51.67484435,-3.362193984
77,77,N,Q,PICV3739-rnd2,B A C P O Q,19,51.67484435,0,-51.67484435,-4.205481025
77,77,N,R,PICV3739-rnd2,B A C P O Q,19,51.67484435,0,-51.67484435,-1.036075399
77,77,N,S,PICV3739-rnd2,B A C P O Q,19,51.67484435,0,-51.67484435,-1.786962217
77,77,N,T,PICV3739-rnd2,B A C P O Q,19,51.67484435,0,-51.67484435,-1.331401274
77,77,N,V,PICV3739-rnd2,B A C P O Q,19,51.67484435,0,-51.67484435,-5.065321429
77,77,N,W,PICV3739-rnd2,B A C P O Q,19,51.67484435,0,-51.67484435,-2.270669456
77,77,N,Y,PICV3739-rnd2,B A C P O Q,19,51.67484435,0,-51.67484435,-0.904830866
78,78,T,A,PICV3739-rnd2,B A C P O Q,20,52.38137755,0,-52.38137755,-0.151921913
78,78,T,C,PICV3739-rnd2,B A C P O Q,20,52.38137755,0,-52.38137755,-1.921684502
78,78,T,D,PICV3739-rnd2,B A C P O Q,20,52.38137755,0,-52.38137755,-1.321896814
78,78,T,E,PICV3739-rnd2,B A C P O Q,20,52.38137755,0,-52.38137755,-3.913863703
78,78,T,F,PICV3739-rnd2,B A C P O Q,20,52.38137755,0,-52.38137755,-4.049084974
78,78,T,G,PICV3739-rnd2,B A C P O Q,20,52.38137755,0,-52.38137755,-1.741628963
78,78,T,H,PICV3739-rnd2,B A C P O Q,20,52.38137755,0,-52.38137755,-4.065130127
78,78,T,I,PICV3739-rnd2,B A C P O Q,20,52.38137755,0,-52.38137755,-0.900500763
78,78,T,K,PICV3739-rnd2,B A C P O Q,20,52.38137755,0,-52.38137755,-2.343556128
78,78,T,L,PICV3739-rnd2,B A C P O Q,20,52.38137755,0,-52.38137755,-2.830251094
78,78,T,M,PICV3739-rnd2,B A C P O Q,20,52.38137755,0,-52.38137755,-4.56002835
78,78,T,N,PICV3739-rnd2,B A C P O Q,20,52.38137755,0,-52.38137755,-0.287175537
78,78,T,P,PICV3739-rnd2,B A C P O Q,20,52.38137755,0,-52.38137755,-4.79877605
78,78,T,Q,PICV3739-rnd2,B A C P O Q,20,52.38137755,0,-52.38137755,-3.784163568
78,78,T,R,PICV3739-rnd2,B A C P O Q,20,52.38137755,0,-52.38137755,-4.392105545
78,78,T,S,PICV3739-rnd2,B A C P O Q,20,52.38137755,0,-52.38137755,-1.022392984
78,78,T,T,PICV3739-rnd2,B A C P O Q,20,52.38137755,0,-52.38137755,NA
78,78,T,V,PICV3739-rnd2,B A C P O Q,20,52.38137755,0,-52.38137755,-2.135061109
78,78,T,W,PICV3739-rnd2,B A C P O Q,20,52.38137755,0,-52.38137755,-4.213813549
78,78,T,Y,PICV3739-rnd2,B A C P O Q,20,52.38137755,0,-52.38137755,-3.94834188
79,79,T,A,PICV3739-rnd2,B A C P O Q,21,47.04900925,1.057167821,-45.99184143,-2.147475743
79,79,T,C,PICV3739-rnd2,B A C P O Q,21,47.04900925,1.057167821,-45.99184143,-4.051606896
79,79,T,D,PICV3739-rnd2,B A C P O Q,21,47.04900925,1.057167821,-45.99184143,-3.825547648
79,79,T,E,PICV3739-rnd2,B A C P O Q,21,47.04900925,1.057167821,-45.99184143,-2.906456105
79,79,T,F,PICV3739-rnd2,B A C P O Q,21,47.04900925,1.057167821,-45.99184143,0.952896317
79,79,T,G,PICV3739-rnd2,B A C P O Q,21,47.04900925,1.057167821,-45.99184143,-2.038217013
79,79,T,H,PICV3739-rnd2,B A C P O Q,21,47.04900925,1.057167821,-45.99184143,-2.396691802
79,79,T,I,PICV3739-rnd2,B A C P O Q,21,47.04900925,1.057167821,-45.99184143,0.063733907
79,79,T,K,PICV3739-rnd2,B A C P O Q,21,47.04900925,1.057167821,-45.99184143,-2.906456105
79,79,T,L,PICV3739-rnd2,B A C P O Q,21,47.04900925,1.057167821,-45.99184143,-2.876487675
79,79,T,M,PICV3739-rnd2,B A C P O Q,21,47.04900925,1.057167821,-45.99184143,-2.632004864
79,79,T,N,PICV3739-rnd2,B A C P O Q,21,47.04900925,1.057167821,-45.99184143,0.040537598
79,79,T,P,PICV3739-rnd2,B A C P O Q,21,47.04900925,1.057167821,-45.99184143,-3.098880097
79,79,T,Q,PICV3739-rnd2,B A C P O Q,21,47.04900925,1.057167821,-45.99184143,-1.094053838
79,79,T,R,PICV3739-rnd2,B A C P O Q,21,47.04900925,1.057167821,-45.99184143,-3.934609067
79,79,T,S,PICV3739-rnd2,B A C P O Q,21,47.04900925,1.057167821,-45.99184143,-0.882901752
79,79,T,T,PICV3739-rnd2,B A C P O Q,21,47.04900925,1.057167821,-45.99184143,NA
79,79,T,V,PICV3739-rnd2,B A C P O Q,21,47.04900925,1.057167821,-45.99184143,-2.976152484
79,79,T,W,PICV3739-rnd2,B A C P O Q,21,47.04900925,1.057167821,-45.99184143,-4.356599796
79,79,T,Y,PICV3739-rnd2,B A C P O Q,21,47.04900925,1.057167821,-45.99184143,-3.867700543
80,80,C,A,PICV3739-rnd2,B A C P O Q,22,32.75483744,1.388881687,-31.36595575,-1.74754099
80,80,C,C,PICV3739-rnd2,B A C P O Q,22,32.75483744,1.388881687,-31.36595575,NA
80,80,C,D,PICV3739-rnd2,B A C P O Q,22,32.75483744,1.388881687,-31.36595575,-3.851583706
80,80,C,E,PICV3739-rnd2,B A C P O Q,22,32.75483744,1.388881687,-31.36595575,-3.095314093
80,80,C,F,PICV3739-rnd2,B A C P O Q,22,32.75483744,1.388881687,-31.36595575,-0.766863249
80,80,C,G,PICV3739-rnd2,B A C P O Q,22,32.75483744,1.388881687,-31.36595575,-3.472498877
80,80,C,H,PICV3739-rnd2,B A C P O Q,22,32.75483744,1.388881687,-31.36595575,0.073039326
80,80,C,I,PICV3739-rnd2,B A C P O Q,22,32.75483744,1.388881687,-31.36595575,-0.000736698
80,80,C,K,PICV3739-rnd2,B A C P O Q,22,32.75483744,1.388881687,-31.36595575,-3.031799637
80,80,C,L,PICV3739-rnd2,B A C P O Q,22,32.75483744,1.388881687,-31.36595575,-2.895711643
80,80,C,M,PICV3739-rnd2,B A C P O Q,22,32.75483744,1.388881687,-31.36595575,-1.409755824
80,80,C,N,PICV3739-rnd2,B A C P O Q,22,32.75483744,1.388881687,-31.36595575,1.265642029
80,80,C,P,PICV3739-rnd2,B A C P O Q,22,32.75483744,1.388881687,-31.36595575,-2.169084378
80,80,C,Q,PICV3739-rnd2,B A C P O Q,22,32.75483744,1.388881687,-31.36595575,-4.072829488
80,80,C,R,PICV3739-rnd2,B A C P O Q,22,32.75483744,1.388881687,-31.36595575,-0.553363796
80,80,C,S,PICV3739-rnd2,B A C P O Q,22,32.75483744,1.388881687,-31.36595575,0.050200332
80,80,C,T,PICV3739-rnd2,B A C P O Q,22,32.75483744,1.388881687,-31.36595575,-0.244346954
80,80,C,V,PICV3739-rnd2,B A C P O Q,22,32.75483744,1.388881687,-31.36595575,-1.911191487
80,80,C,W,PICV3739-rnd2,B A C P O Q,22,32.75483744,1.388881687,-31.36595575,-1.705679151
80,80,C,Y,PICV3739-rnd2,B A C P O Q,22,32.75483744,1.388881687,-31.36595575,-0.437655777
81,81,F,A,PICV3739-rnd2,B A C P O Q,23,50.74287749,0,-50.74287749,-2.938293745
81,81,F,C,PICV3739-rnd2,B A C P O Q,23,50.74287749,0,-50.74287749,-3.879273005
81,81,F,D,PICV3739-rnd2,B A C P O Q,23,50.74287749,0,-50.74287749,-6.10690263
81,81,F,E,PICV3739-rnd2,B A C P O Q,23,50.74287749,0,-50.74287749,-2.671195487
81,81,F,F,PICV3739-rnd2,B A C P O Q,23,50.74287749,0,-50.74287749,NA
81,81,F,G,PICV3739-rnd2,B A C P O Q,23,50.74287749,0,-50.74287749,-1.917859039
81,81,F,H,PICV3739-rnd2,B A C P O Q,23,50.74287749,0,-50.74287749,-0.248134128
81,81,F,I,PICV3739-rnd2,B A C P O Q,23,50.74287749,0,-50.74287749,-1.308771037
81,81,F,K,PICV3739-rnd2,B A C P O Q,23,50.74287749,0,-50.74287749,-2.233875127
81,81,F,L,PICV3739-rnd2,B A C P O Q,23,50.74287749,0,-50.74287749,-1.386699035
81,81,F,M,PICV3739-rnd2,B A C P O Q,23,50.74287749,0,-50.74287749,-2.394832707
81,81,F,N,PICV3739-rnd2,B A C P O Q,23,50.74287749,0,-50.74287749,-2.791766393
81,81,F,P,PICV3739-rnd2,B A C P O Q,23,50.74287749,0,-50.74287749,-4.953432042
81,81,F,Q,PICV3739-rnd2,B A C P O Q,23,50.74287749,0,-50.74287749,-3.948403572
81,81,F,R,PICV3739-rnd2,B A C P O Q,23,50.74287749,0,-50.74287749,-1.84541023
81,81,F,S,PICV3739-rnd2,B A C P O Q,23,50.74287749,0,-50.74287749,-1.283907213
81,81,F,T,PICV3739-rnd2,B A C P O Q,23,50.74287749,0,-50.74287749,-3.222841722
81,81,F,V,PICV3739-rnd2,B A C P O Q,23,50.74287749,0,-50.74287749,-2.897434197
81,81,F,W,PICV3739-rnd2,B A C P O Q,23,50.74287749,0,-50.74287749,-2.492954693
81,81,F,Y,PICV3739-rnd2,B A C P O Q,23,50.74287749,0,-50.74287749,-2.220891489
82,82,W,A,PICV3739-rnd2,B A C P O Q,24,40.92127661,2.706667983,-38.21460862,2.583527059
82,82,W,C,PICV3739-rnd2,B A C P O Q,24,40.92127661,2.706667983,-38.21460862,0.123140924
82,82,W,D,PICV3739-rnd2,B A C P O Q,24,40.92127661,2.706667983,-38.21460862,-1.598889874
82,82,W,E,PICV3739-rnd2,B A C P O Q,24,40.92127661,2.706667983,-38.21460862,-3.453800937
82,82,W,F,PICV3739-rnd2,B A C P O Q,24,40.92127661,2.706667983,-38.21460862,-2.787572614
82,82,W,G,PICV3739-rnd2,B A C P O Q,24,40.92127661,2.706667983,-38.21460862,-2.918986596
82,82,W,H,PICV3739-rnd2,B A C P O Q,24,40.92127661,2.706667983,-38.21460862,-3.001294166
82,82,W,I,PICV3739-rnd2,B A C P O Q,24,40.92127661,2.706667983,-38.21460862,-2.284761096
82,82,W,K,PICV3739-rnd2,B A C P O Q,24,40.92127661,2.706667983,-38.21460862,-2.747723968
82,82,W,L,PICV3739-rnd2,B A C P O Q,24,40.92127661,2.706667983,-38.21460862,-0.506506568
82,82,W,M,PICV3739-rnd2,B A C P O Q,24,40.92127661,2.706667983,-38.21460862,-2.898026393
82,82,W,N,PICV3739-rnd2,B A C P O Q,24,40.92127661,2.706667983,-38.21460862,-2.262297141
82,82,W,P,PICV3739-rnd2,B A C P O Q,24,40.92127661,2.706667983,-38.21460862,-2.245216609
82,82,W,Q,PICV3739-rnd2,B A C P O Q,24,40.92127661,2.706667983,-38.21460862,-3.327009761
82,82,W,R,PICV3739-rnd2,B A C P O Q,24,40.92127661,2.706667983,-38.21460862,-0.261993012
82,82,W,S,PICV3739-rnd2,B A C P O Q,24,40.92127661,2.706667983,-38.21460862,-0.463043798
82,82,W,T,PICV3739-rnd2,B A C P O Q,24,40.92127661,2.706667983,-38.21460862,-2.229114371
82,82,W,V,PICV3739-rnd2,B A C P O Q,24,40.92127661,2.706667983,-38.21460862,-3.816753019
82,82,W,W,PICV3739-rnd2,B A C P O Q,24,40.92127661,2.706667983,-38.21460862,NA
82,82,W,Y,PICV3739-rnd2,B A C P O Q,24,40.92127661,2.706667983,-38.21460862,-1.411618701
83,83,I,A,PICV3739-rnd2,B A C P O Q,25,41.48189984,0,-41.48189984,-2.116747494
83,83,I,C,PICV3739-rnd2,B A C P O Q,25,41.48189984,0,-41.48189984,-1.770145143
83,83,I,D,PICV3739-rnd2,B A C P O Q,25,41.48189984,0,-41.48189984,-1.666235274
83,83,I,E,PICV3739-rnd2,B A C P O Q,25,41.48189984,0,-41.48189984,-1.513552418
83,83,I,F,PICV3739-rnd2,B A C P O Q,25,41.48189984,0,-41.48189984,-0.416768684
83,83,I,G,PICV3739-rnd2,B A C P O Q,25,41.48189984,0,-41.48189984,-2.362377843
83,83,I,H,PICV3739-rnd2,B A C P O Q,25,41.48189984,0,-41.48189984,-2.290693077
83,83,I,I,PICV3739-rnd2,B A C P O Q,25,41.48189984,0,-41.48189984,NA
83,83,I,K,PICV3739-rnd2,B A C P O Q,25,41.48189984,0,-41.48189984,-3.518002343
83,83,I,L,PICV3739-rnd2,B A C P O Q,25,41.48189984,0,-41.48189984,-1.12396976
83,83,I,M,PICV3739-rnd2,B A C P O Q,25,41.48189984,0,-41.48189984,-2.589486464
83,83,I,N,PICV3739-rnd2,B A C P O Q,25,41.48189984,0,-41.48189984,-4.133533748
83,83,I,P,PICV3739-rnd2,B A C P O Q,25,41.48189984,0,-41.48189984,-3.531323938
83,83,I,Q,PICV3739-rnd2,B A C P O Q,25,41.48189984,0,-41.48189984,-1.604249561
83,83,I,R,PICV3739-rnd2,B A C P O Q,25,41.48189984,0,-41.48189984,-2.73784069
83,83,I,S,PICV3739-rnd2,B A C P O Q,25,41.48189984,0,-41.48189984,-1.987918691
83,83,I,T,PICV3739-rnd2,B A C P O Q,25,41.48189984,0,-41.48189984,-1.172730823
83,83,I,V,PICV3739-rnd2,B A C P O Q,25,41.48189984,0,-41.48189984,-0.635581729
83,83,I,W,PICV3739-rnd2,B A C P O Q,25,41.48189984,0,-41.48189984,-2.396000034
83,83,I,Y,PICV3739-rnd2,B A C P O Q,25,41.48189984,0,-41.48189984,-3.914742122
84,84,E,A,PICV3739-rnd2,B A C P O Q,26,39.81896975,0,-39.81896975,-1.982172551
84,84,E,C,PICV3739-rnd2,B A C P O Q,26,39.81896975,0,-39.81896975,-3.06619002
84,84,E,D,PICV3739-rnd2,B A C P O Q,26,39.81896975,0,-39.81896975,-1.332067327
84,84,E,E,PICV3739-rnd2,B A C P O Q,26,39.81896975,0,-39.81896975,NA
84,84,E,F,PICV3739-rnd2,B A C P O Q,26,39.81896975,0,-39.81896975,-2.869639169
84,84,E,G,PICV3739-rnd2,B A C P O Q,26,39.81896975,0,-39.81896975,-1.825448486
84,84,E,H,PICV3739-rnd2,B A C P O Q,26,39.81896975,0,-39.81896975,-2.666209751
84,84,E,I,PICV3739-rnd2,B A C P O Q,26,39.81896975,0,-39.81896975,-2.53468539
84,84,E,K,PICV3739-rnd2,B A C P O Q,26,39.81896975,0,-39.81896975,-0.211617924
84,84,E,L,PICV3739-rnd2,B A C P O Q,26,39.81896975,0,-39.81896975,-2.707515169
84,84,E,M,PICV3739-rnd2,B A C P O Q,26,39.81896975,0,-39.81896975,-1.840825819
84,84,E,N,PICV3739-rnd2,B A C P O Q,26,39.81896975,0,-39.81896975,-2.747670824
84,84,E,P,PICV3739-rnd2,B A C P O Q,26,39.81896975,0,-39.81896975,-2.110898303
84,84,E,Q,PICV3739-rnd2,B A C P O Q,26,39.81896975,0,-39.81896975,-1.522108753
84,84,E,R,PICV3739-rnd2,B A C P O Q,26,39.81896975,0,-39.81896975,-0.941980422
84,84,E,S,PICV3739-rnd2,B A C P O Q,26,39.81896975,0,-39.81896975,-2.04797066
84,84,E,T,PICV3739-rnd2,B A C P O Q,26,39.81896975,0,-39.81896975,-1.96762914
84,84,E,V,PICV3739-rnd2,B A C P O Q,26,39.81896975,0,-39.81896975,-1.581257895
84,84,E,W,PICV3739-rnd2,B A C P O Q,26,39.81896975,0,-39.81896975,-2.338296985
84,84,E,Y,PICV3739-rnd2,B A C P O Q,26,39.81896975,0,-39.81896975,-3.524785157
85,85,C,A,PICV3739-rnd2,B A C P O Q,27,36.0185706,6.697054574,-29.32151603,-5.83472288
85,85,C,C,PICV3739-rnd2,B A C P O Q,27,36.0185706,6.697054574,-29.32151603,NA
85,85,C,D,PICV3739-rnd2,B A C P O Q,27,36.0185706,6.697054574,-29.32151603,0.363334319
85,85,C,E,PICV3739-rnd2,B A C P O Q,27,36.0185706,6.697054574,-29.32151603,3.236480265
85,85,C,F,PICV3739-rnd2,B A C P O Q,27,36.0185706,6.697054574,-29.32151603,-0.093613057
85,85,C,G,PICV3739-rnd2,B A C P O Q,27,36.0185706,6.697054574,-29.32151603,0.166796556
85,85,C,H,PICV3739-rnd2,B A C P O Q,27,36.0185706,6.697054574,-29.32151603,-1.942827935
85,85,C,I,PICV3739-rnd2,B A C P O Q,27,36.0185706,6.697054574,-29.32151603,-1.549526441
85,85,C,K,PICV3739-rnd2,B A C P O Q,27,36.0185706,6.697054574,-29.32151603,-3.086333395
85,85,C,L,PICV3739-rnd2,B A C P O Q,27,36.0185706,6.697054574,-29.32151603,-2.742946781
85,85,C,M,PICV3739-rnd2,B A C P O Q,27,36.0185706,6.697054574,-29.32151603,-0.93186147
85,85,C,N,PICV3739-rnd2,B A C P O Q,27,36.0185706,6.697054574,-29.32151603,-1.414123163
85,85,C,P,PICV3739-rnd2,B A C P O Q,27,36.0185706,6.697054574,-29.32151603,-4.016329496
85,85,C,Q,PICV3739-rnd2,B A C P O Q,27,36.0185706,6.697054574,-29.32151603,-1.02615834
85,85,C,R,PICV3739-rnd2,B A C P O Q,27,36.0185706,6.697054574,-29.32151603,-2.649277696
85,85,C,S,PICV3739-rnd2,B A C P O Q,27,36.0185706,6.697054574,-29.32151603,-1.437595349
85,85,C,T,PICV3739-rnd2,B A C P O Q,27,36.0185706,6.697054574,-29.32151603,-2.596200021
85,85,C,V,PICV3739-rnd2,B A C P O Q,27,36.0185706,6.697054574,-29.32151603,2.119289503
85,85,C,W,PICV3739-rnd2,B A C P O Q,27,36.0185706,6.697054574,-29.32151603,0.661702658
85,85,C,Y,PICV3739-rnd2,B A C P O Q,27,36.0185706,6.697054574,-29.32151603,0.149451272
86,86,K,A,PICV3739-rnd2,B A C P O Q,28,54.07048011,0,-54.07048011,-2.362958118
86,86,K,C,PICV3739-rnd2,B A C P O Q,28,54.07048011,0,-54.07048011,-4.936899061
86,86,K,D,PICV3739-rnd2,B A C P O Q,28,54.07048011,0,-54.07048011,-4.451089645
86,86,K,E,PICV3739-rnd2,B A C P O Q,28,54.07048011,0,-54.07048011,-3.018787177
86,86,K,F,PICV3739-rnd2,B A C P O Q,28,54.07048011,0,-54.07048011,-2.838608569
86,86,K,G,PICV3739-rnd2,B A C P O Q,28,54.07048011,0,-54.07048011,-3.753650297
86,86,K,H,PICV3739-rnd2,B A C P O Q,28,54.07048011,0,-54.07048011,-1.675788213
86,86,K,I,PICV3739-rnd2,B A C P O Q,28,54.07048011,0,-54.07048011,-2.904235811
86,86,K,K,PICV3739-rnd2,B A C P O Q,28,54.07048011,0,-54.07048011,NA
86,86,K,L,PICV3739-rnd2,B A C P O Q,28,54.07048011,0,-54.07048011,-1.213774104
86,86,K,M,PICV3739-rnd2,B A C P O Q,28,54.07048011,0,-54.07048011,-3.90370386
86,86,K,N,PICV3739-rnd2,B A C P O Q,28,54.07048011,0,-54.07048011,-3.731569054
86,86,K,P,PICV3739-rnd2,B A C P O Q,28,54.07048011,0,-54.07048011,-3.34120808
86,86,K,Q,PICV3739-rnd2,B A C P O Q,28,54.07048011,0,-54.07048011,-3.180551694
86,86,K,R,PICV3739-rnd2,B A C P O Q,28,54.07048011,0,-54.07048011,-1.40696139
86,86,K,S,PICV3739-rnd2,B A C P O Q,28,54.07048011,0,-54.07048011,-3.314436714
86,86,K,T,PICV3739-rnd2,B A C P O Q,28,54.07048011,0,-54.07048011,-3.387361519
86,86,K,V,PICV3739-rnd2,B A C P O Q,28,54.07048011,0,-54.07048011,-2.539897742
86,86,K,W,PICV3739-rnd2,B A C P O Q,28,54.07048011,0,-54.07048011,-1.097518972
86,86,K,Y,PICV3739-rnd2,B A C P O Q,28,54.07048011,0,-54.07048011,-1.011480089
87,87,D,A,PICV3739-rnd2,B A C P O Q,29,43.99220137,0.299957043,-43.69224433,-3.599265654
87,87,D,C,PICV3739-rnd2,B A C P O Q,29,43.99220137,0.299957043,-43.69224433,0.299957043
87,87,D,D,PICV3739-rnd2,B A C P O Q,29,43.99220137,0.299957043,-43.69224433,NA
87,87,D,E,PICV3739-rnd2,B A C P O Q,29,43.99220137,0.299957043,-43.69224433,-1.095490373
87,87,D,F,PICV3739-rnd2,B A C P O Q,29,43.99220137,0.299957043,-43.69224433,-2.904512405
87,87,D,G,PICV3739-rnd2,B A C P O Q,29,43.99220137,0.299957043,-43.69224433,-2.597726436
87,87,D,H,PICV3739-rnd2,B A C P O Q,29,43.99220137,0.299957043,-43.69224433,-2.022806018
87,87,D,I,PICV3739-rnd2,B A C P O Q,29,43.99220137,0.299957043,-43.69224433,-3.134973826
87,87,D,K,PICV3739-rnd2,B A C P O Q,29,43.99220137,0.299957043,-43.69224433,-1.900290313
87,87,D,L,PICV3739-rnd2,B A C P O Q,29,43.99220137,0.299957043,-43.69224433,-1.846729282
87,87,D,M,PICV3739-rnd2,B A C P O Q,29,43.99220137,0.299957043,-43.69224433,-3.765723007
87,87,D,N,PICV3739-rnd2,B A C P O Q,29,43.99220137,0.299957043,-43.69224433,-1.285446813
87,87,D,P,PICV3739-rnd2,B A C P O Q,29,43.99220137,0.299957043,-43.69224433,-2.831288231
87,87,D,Q,PICV3739-rnd2,B A C P O Q,29,43.99220137,0.299957043,-43.69224433,-2.197433269
87,87,D,R,PICV3739-rnd2,B A C P O Q,29,43.99220137,0.299957043,-43.69224433,-4.217559791
87,87,D,S,PICV3739-rnd2,B A C P O Q,29,43.99220137,0.299957043,-43.69224433,-3.359914113
87,87,D,T,PICV3739-rnd2,B A C P O Q,29,43.99220137,0.299957043,-43.69224433,-2.793233589
87,87,D,V,PICV3739-rnd2,B A C P O Q,29,43.99220137,0.299957043,-43.69224433,-1.403946268
87,87,D,W,PICV3739-rnd2,B A C P O Q,29,43.99220137,0.299957043,-43.69224433,-2.054038555
87,87,D,Y,PICV3739-rnd2,B A C P O Q,29,43.99220137,0.299957043,-43.69224433,-0.681866387
88,88,E,A,PICV3739-rnd2,B A C P O Q,30,33.14615453,0.74746885,-32.39868568,-1.56282513
88,88,E,C,PICV3739-rnd2,B A C P O Q,30,33.14615453,0.74746885,-32.39868568,-1.039062869
88,88,E,D,PICV3739-rnd2,B A C P O Q,30,33.14615453,0.74746885,-32.39868568,0.322602982
88,88,E,E,PICV3739-rnd2,B A C P O Q,30,33.14615453,0.74746885,-32.39868568,NA
88,88,E,F,PICV3739-rnd2,B A C P O Q,30,33.14615453,0.74746885,-32.39868568,-2.051131745
88,88,E,G,PICV3739-rnd2,B A C P O Q,30,33.14615453,0.74746885,-32.39868568,-1.9508097
88,88,E,H,PICV3739-rnd2,B A C P O Q,30,33.14615453,0.74746885,-32.39868568,-0.001278501
88,88,E,I,PICV3739-rnd2,B A C P O Q,30,33.14615453,0.74746885,-32.39868568,-1.684342877
88,88,E,K,PICV3739-rnd2,B A C P O Q,30,33.14615453,0.74746885,-32.39868568,-0.282717211
88,88,E,L,PICV3739-rnd2,B A C P O Q,30,33.14615453,0.74746885,-32.39868568,-2.787090067
88,88,E,M,PICV3739-rnd2,B A C P O Q,30,33.14615453,0.74746885,-32.39868568,-1.075473182
88,88,E,N,PICV3739-rnd2,B A C P O Q,30,33.14615453,0.74746885,-32.39868568,-2.969092598
88,88,E,P,PICV3739-rnd2,B A C P O Q,30,33.14615453,0.74746885,-32.39868568,-3.300577581
88,88,E,Q,PICV3739-rnd2,B A C P O Q,30,33.14615453,0.74746885,-32.39868568,-1.977698864
88,88,E,R,PICV3739-rnd2,B A C P O Q,30,33.14615453,0.74746885,-32.39868568,-1.075473182
88,88,E,S,PICV3739-rnd2,B A C P O Q,30,33.14615453,0.74746885,-32.39868568,-2.967992505
88,88,E,T,PICV3739-rnd2,B A C P O Q,30,33.14615453,0.74746885,-32.39868568,-0.669740334
88,88,E,V,PICV3739-rnd2,B A C P O Q,30,33.14615453,0.74746885,-32.39868568,0.424865868
88,88,E,W,PICV3739-rnd2,B A C P O Q,30,33.14615453,0.74746885,-32.39868568,-3.478201325
88,88,E,Y,PICV3739-rnd2,B A C P O Q,30,33.14615453,0.74746885,-32.39868568,-3.525178005
89,89,S,A,PICV3739-rnd2,B A C P O Q,31,46.27445047,0.755140084,-45.51931039,-3.246637136
89,89,S,C,PICV3739-rnd2,B A C P O Q,31,46.27445047,0.755140084,-45.51931039,-2.142807099
89,89,S,D,PICV3739-rnd2,B A C P O Q,31,46.27445047,0.755140084,-45.51931039,-2.823974873
89,89,S,E,PICV3739-rnd2,B A C P O Q,31,46.27445047,0.755140084,-45.51931039,-2.625119
89,89,S,F,PICV3739-rnd2,B A C P O Q,31,46.27445047,0.755140084,-45.51931039,-4.076736313
89,89,S,G,PICV3739-rnd2,B A C P O Q,31,46.27445047,0.755140084,-45.51931039,-0.60338264
89,89,S,H,PICV3739-rnd2,B A C P O Q,31,46.27445047,0.755140084,-45.51931039,-2.44124325
89,89,S,I,PICV3739-rnd2,B A C P O Q,31,46.27445047,0.755140084,-45.51931039,0.239251499
89,89,S,K,PICV3739-rnd2,B A C P O Q,31,46.27445047,0.755140084,-45.51931039,-2.581300146
89,89,S,L,PICV3739-rnd2,B A C P O Q,31,46.27445047,0.755140084,-45.51931039,-2.708955391
89,89,S,M,PICV3739-rnd2,B A C P O Q,31,46.27445047,0.755140084,-45.51931039,-1.842155851
89,89,S,N,PICV3739-rnd2,B A C P O Q,31,46.27445047,0.755140084,-45.51931039,-3.160169436
89,89,S,P,PICV3739-rnd2,B A C P O Q,31,46.27445047,0.755140084,-45.51931039,-2.28611322
89,89,S,Q,PICV3739-rnd2,B A C P O Q,31,46.27445047,0.755140084,-45.51931039,-2.44124325
89,89,S,R,PICV3739-rnd2,B A C P O Q,31,46.27445047,0.755140084,-45.51931039,0.515888585
89,89,S,S,PICV3739-rnd2,B A C P O Q,31,46.27445047,0.755140084,-45.51931039,NA
89,89,S,T,PICV3739-rnd2,B A C P O Q,31,46.27445047,0.755140084,-45.51931039,-2.109133612
89,89,S,V,PICV3739-rnd2,B A C P O Q,31,46.27445047,0.755140084,-45.51931039,-3.700242785
89,89,S,W,PICV3739-rnd2,B A C P O Q,31,46.27445047,0.755140084,-45.51931039,-4.240640865
89,89,S,Y,PICV3739-rnd2,B A C P O Q,31,46.27445047,0.755140084,-45.51931039,-2.489455518
90,90,Y,A,PICV3739-rnd2,B A C P O Q,32,58.44740871,0.253609436,-58.19379927,-3.207615254
90,90,Y,C,PICV3739-rnd2,B A C P O Q,32,58.44740871,0.253609436,-58.19379927,-4.984226508
90,90,Y,D,PICV3739-rnd2,B A C P O Q,32,58.44740871,0.253609436,-58.19379927,-1.2106299
90,90,Y,E,PICV3739-rnd2,B A C P O Q,32,58.44740871,0.253609436,-58.19379927,-1.779827398
90,90,Y,F,PICV3739-rnd2,B A C P O Q,32,58.44740871,0.253609436,-58.19379927,-1.778786723
90,90,Y,G,PICV3739-rnd2,B A C P O Q,32,58.44740871,0.253609436,-58.19379927,-4.16438536
90,90,Y,H,PICV3739-rnd2,B A C P O Q,32,58.44740871,0.253609436,-58.19379927,-1.463295358
90,90,Y,I,PICV3739-rnd2,B A C P O Q,32,58.44740871,0.253609436,-58.19379927,-3.178099334
90,90,Y,K,PICV3739-rnd2,B A C P O Q,32,58.44740871,0.253609436,-58.19379927,-2.128971298
90,90,Y,L,PICV3739-rnd2,B A C P O Q,32,58.44740871,0.253609436,-58.19379927,-3.473664306
90,90,Y,M,PICV3739-rnd2,B A C P O Q,32,58.44740871,0.253609436,-58.19379927,-5.002810179
90,90,Y,N,PICV3739-rnd2,B A C P O Q,32,58.44740871,0.253609436,-58.19379927,-2.299970011
90,90,Y,P,PICV3739-rnd2,B A C P O Q,32,58.44740871,0.253609436,-58.19379927,-4.354961557
90,90,Y,Q,PICV3739-rnd2,B A C P O Q,32,58.44740871,0.253609436,-58.19379927,-4.823786306
90,90,Y,R,PICV3739-rnd2,B A C P O Q,32,58.44740871,0.253609436,-58.19379927,-3.424235388
90,90,Y,S,PICV3739-rnd2,B A C P O Q,32,58.44740871,0.253609436,-58.19379927,-5.996016441
90,90,Y,T,PICV3739-rnd2,B A C P O Q,32,58.44740871,0.253609436,-58.19379927,-2.513949654
90,90,Y,V,PICV3739-rnd2,B A C P O Q,32,58.44740871,0.253609436,-58.19379927,0.253609436
90,90,Y,W,PICV3739-rnd2,B A C P O Q,32,58.44740871,0.253609436,-58.19379927,-2.408568297
90,90,Y,Y,PICV3739-rnd2,B A C P O Q,32,58.44740871,0.253609436,-58.19379927,NA
91,91,C,A,PICV3739-rnd2,B A C P O Q,33,45.17292691,1.248835034,-43.92409188,-1.995821838
91,91,C,C,PICV3739-rnd2,B A C P O Q,33,45.17292691,1.248835034,-43.92409188,NA
91,91,C,D,PICV3739-rnd2,B A C P O Q,33,45.17292691,1.248835034,-43.92409188,-2.899116124
91,91,C,E,PICV3739-rnd2,B A C P O Q,33,45.17292691,1.248835034,-43.92409188,-3.189102777
91,91,C,F,PICV3739-rnd2,B A C P O Q,33,45.17292691,1.248835034,-43.92409188,0.226996235
91,91,C,G,PICV3739-rnd2,B A C P O Q,33,45.17292691,1.248835034,-43.92409188,-2.772202487
91,91,C,H,PICV3739-rnd2,B A C P O Q,33,45.17292691,1.248835034,-43.92409188,-2.934369181
91,91,C,I,PICV3739-rnd2,B A C P O Q,33,45.17292691,1.248835034,-43.92409188,-0.946731525
91,91,C,K,PICV3739-rnd2,B A C P O Q,33,45.17292691,1.248835034,-43.92409188,-3.525979611
91,91,C,L,PICV3739-rnd2,B A C P O Q,33,45.17292691,1.248835034,-43.92409188,-2.285790845
91,91,C,M,PICV3739-rnd2,B A C P O Q,33,45.17292691,1.248835034,-43.92409188,-3.430443116
91,91,C,N,PICV3739-rnd2,B A C P O Q,33,45.17292691,1.248835034,-43.92409188,-4.449746466
91,91,C,P,PICV3739-rnd2,B A C P O Q,33,45.17292691,1.248835034,-43.92409188,-2.862980016
91,91,C,Q,PICV3739-rnd2,B A C P O Q,33,45.17292691,1.248835034,-43.92409188,-2.580983784
91,91,C,R,PICV3739-rnd2,B A C P O Q,33,45.17292691,1.248835034,-43.92409188,1.021838799
91,91,C,S,PICV3739-rnd2,B A C P O Q,33,45.17292691,1.248835034,-43.92409188,-0.947444485
91,91,C,T,PICV3739-rnd2,B A C P O Q,33,45.17292691,1.248835034,-43.92409188,-1.096909053
91,91,C,V,PICV3739-rnd2,B A C P O Q,33,45.17292691,1.248835034,-43.92409188,-3.112081684
91,91,C,W,PICV3739-rnd2,B A C P O Q,33,45.17292691,1.248835034,-43.92409188,-3.715473371
91,91,C,Y,PICV3739-rnd2,B A C P O Q,33,45.17292691,1.248835034,-43.92409188,-1.178915513
92,92,S,A,PICV3739-rnd2,B A C P O Q,34,48.21662202,1.202413166,-47.01420885,-3.882009891
92,92,S,C,PICV3739-rnd2,B A C P O Q,34,48.21662202,1.202413166,-47.01420885,-3.331131288
92,92,S,D,PICV3739-rnd2,B A C P O Q,34,48.21662202,1.202413166,-47.01420885,-2.543820833
92,92,S,E,PICV3739-rnd2,B A C P O Q,34,48.21662202,1.202413166,-47.01420885,-1.692390286
92,92,S,F,PICV3739-rnd2,B A C P O Q,34,48.21662202,1.202413166,-47.01420885,-2.29365228
92,92,S,G,PICV3739-rnd2,B A C P O Q,34,48.21662202,1.202413166,-47.01420885,-1.921790766
92,92,S,H,PICV3739-rnd2,B A C P O Q,34,48.21662202,1.202413166,-47.01420885,-4.176770242
92,92,S,I,PICV3739-rnd2,B A C P O Q,34,48.21662202,1.202413166,-47.01420885,-2.796045349
92,92,S,K,PICV3739-rnd2,B A C P O Q,34,48.21662202,1.202413166,-47.01420885,-2.448893289
92,92,S,L,PICV3739-rnd2,B A C P O Q,34,48.21662202,1.202413166,-47.01420885,1.080825316
92,92,S,M,PICV3739-rnd2,B A C P O Q,34,48.21662202,1.202413166,-47.01420885,-6.118273051
92,92,S,N,PICV3739-rnd2,B A C P O Q,34,48.21662202,1.202413166,-47.01420885,-1.419487054
92,92,S,P,PICV3739-rnd2,B A C P O Q,34,48.21662202,1.202413166,-47.01420885,0.12158785
92,92,S,Q,PICV3739-rnd2,B A C P O Q,34,48.21662202,1.202413166,-47.01420885,-2.448893289
92,92,S,R,PICV3739-rnd2,B A C P O Q,34,48.21662202,1.202413166,-47.01420885,-1.31570113
92,92,S,S,PICV3739-rnd2,B A C P O Q,34,48.21662202,1.202413166,-47.01420885,NA
92,92,S,T,PICV3739-rnd2,B A C P O Q,34,48.21662202,1.202413166,-47.01420885,-2.107081945
92,92,S,V,PICV3739-rnd2,B A C P O Q,34,48.21662202,1.202413166,-47.01420885,-1.607032531
92,92,S,W,PICV3739-rnd2,B A C P O Q,34,48.21662202,1.202413166,-47.01420885,-4.00389237
92,92,S,Y,PICV3739-rnd2,B A C P O Q,34,48.21662202,1.202413166,-47.01420885,-2.907343253
93,93,H,A,PICV3739-rnd2,B A C P O Q,35,53.46884584,1.906012669,-51.56283317,-6.356269777
93,93,H,C,PICV3739-rnd2,B A C P O Q,35,53.46884584,1.906012669,-51.56283317,-2.671937123
93,93,H,D,PICV3739-rnd2,B A C P O Q,35,53.46884584,1.906012669,-51.56283317,-1.655016496
93,93,H,E,PICV3739-rnd2,B A C P O Q,35,53.46884584,1.906012669,-51.56283317,-4.799811082
93,93,H,F,PICV3739-rnd2,B A C P O Q,35,53.46884584,1.906012669,-51.56283317,-4.112582446
93,93,H,G,PICV3739-rnd2,B A C P O Q,35,53.46884584,1.906012669,-51.56283317,-2.760925717
93,93,H,H,PICV3739-rnd2,B A C P O Q,35,53.46884584,1.906012669,-51.56283317,NA
93,93,H,I,PICV3739-rnd2,B A C P O Q,35,53.46884584,1.906012669,-51.56283317,-4.251343716
93,93,H,K,PICV3739-rnd2,B A C P O Q,35,53.46884584,1.906012669,-51.56283317,-2.830574082
93,93,H,L,PICV3739-rnd2,B A C P O Q,35,53.46884584,1.906012669,-51.56283317,-1.362241806
93,93,H,M,PICV3739-rnd2,B A C P O Q,35,53.46884584,1.906012669,-51.56283317,-0.184779156
93,93,H,N,PICV3739-rnd2,B A C P O Q,35,53.46884584,1.906012669,-51.56283317,0.103419443
93,93,H,P,PICV3739-rnd2,B A C P O Q,35,53.46884584,1.906012669,-51.56283317,1.802593225
93,93,H,Q,PICV3739-rnd2,B A C P O Q,35,53.46884584,1.906012669,-51.56283317,-0.438239468
93,93,H,R,PICV3739-rnd2,B A C P O Q,35,53.46884584,1.906012669,-51.56283317,-3.1204152
93,93,H,S,PICV3739-rnd2,B A C P O Q,35,53.46884584,1.906012669,-51.56283317,-6.107779996
93,93,H,T,PICV3739-rnd2,B A C P O Q,35,53.46884584,1.906012669,-51.56283317,-4.379693687
93,93,H,V,PICV3739-rnd2,B A C P O Q,35,53.46884584,1.906012669,-51.56283317,-2.290243305
93,93,H,W,PICV3739-rnd2,B A C P O Q,35,53.46884584,1.906012669,-51.56283317,-4.074852316
93,93,H,Y,PICV3739-rnd2,B A C P O Q,35,53.46884584,1.906012669,-51.56283317,-0.166127795
94,94,N,A,PICV3739-rnd2,B A C P O Q,36,46.51139588,0,-46.51139588,-2.82911843
94,94,N,C,PICV3739-rnd2,B A C P O Q,36,46.51139588,0,-46.51139588,-2.711821152
94,94,N,D,PICV3739-rnd2,B A C P O Q,36,46.51139588,0,-46.51139588,-2.171507288
94,94,N,E,PICV3739-rnd2,B A C P O Q,36,46.51139588,0,-46.51139588,-2.711821152
94,94,N,F,PICV3739-rnd2,B A C P O Q,36,46.51139588,0,-46.51139588,-2.791069217
94,94,N,G,PICV3739-rnd2,B A C P O Q,36,46.51139588,0,-46.51139588,-2.492268735
94,94,N,H,PICV3739-rnd2,B A C P O Q,36,46.51139588,0,-46.51139588,-2.288870083
94,94,N,I,PICV3739-rnd2,B A C P O Q,36,46.51139588,0,-46.51139588,-0.342470674
94,94,N,K,PICV3739-rnd2,B A C P O Q,36,46.51139588,0,-46.51139588,-2.414570271
94,94,N,L,PICV3739-rnd2,B A C P O Q,36,46.51139588,0,-46.51139588,-3.427242066
94,94,N,M,PICV3739-rnd2,B A C P O Q,36,46.51139588,0,-46.51139588,-2.444043815
94,94,N,N,PICV3739-rnd2,B A C P O Q,36,46.51139588,0,-46.51139588,NA
94,94,N,P,PICV3739-rnd2,B A C P O Q,36,46.51139588,0,-46.51139588,-2.394150969
94,94,N,Q,PICV3739-rnd2,B A C P O Q,36,46.51139588,0,-46.51139588,-4.453133438
94,94,N,R,PICV3739-rnd2,B A C P O Q,36,46.51139588,0,-46.51139588,-2.82911843
94,94,N,S,PICV3739-rnd2,B A C P O Q,36,46.51139588,0,-46.51139588,-0.577911173
94,94,N,T,PICV3739-rnd2,B A C P O Q,36,46.51139588,0,-46.51139588,-0.851937553
94,94,N,V,PICV3739-rnd2,B A C P O Q,36,46.51139588,0,-46.51139588,-3.947679514
94,94,N,W,PICV3739-rnd2,B A C P O Q,36,46.51139588,0,-46.51139588,-1.917202449
94,94,N,Y,PICV3739-rnd2,B A C P O Q,36,46.51139588,0,-46.51139588,-2.915459469
95,95,S,A,PICV3739-rnd2,B A C P O Q,37,45.87186265,0,-45.87186265,-1.79985714
95,95,S,C,PICV3739-rnd2,B A C P O Q,37,45.87186265,0,-45.87186265,-2.439972536
95,95,S,D,PICV3739-rnd2,B A C P O Q,37,45.87186265,0,-45.87186265,-2.898100117
95,95,S,E,PICV3739-rnd2,B A C P O Q,37,45.87186265,0,-45.87186265,-3.816798981
95,95,S,F,PICV3739-rnd2,B A C P O Q,37,45.87186265,0,-45.87186265,-3.678220703
95,95,S,G,PICV3739-rnd2,B A C P O Q,37,45.87186265,0,-45.87186265,-3.001363819
95,95,S,H,PICV3739-rnd2,B A C P O Q,37,45.87186265,0,-45.87186265,-2.171347192
95,95,S,I,PICV3739-rnd2,B A C P O Q,37,45.87186265,0,-45.87186265,-1.623823476
95,95,S,K,PICV3739-rnd2,B A C P O Q,37,45.87186265,0,-45.87186265,-3.034205386
95,95,S,L,PICV3739-rnd2,B A C P O Q,37,45.87186265,0,-45.87186265,-0.238338675
95,95,S,M,PICV3739-rnd2,B A C P O Q,37,45.87186265,0,-45.87186265,-4.307980445
95,95,S,N,PICV3739-rnd2,B A C P O Q,37,45.87186265,0,-45.87186265,-2.17693813
95,95,S,P,PICV3739-rnd2,B A C P O Q,37,45.87186265,0,-45.87186265,-1.476993702
95,95,S,Q,PICV3739-rnd2,B A C P O Q,37,45.87186265,0,-45.87186265,-0.943498335
95,95,S,R,PICV3739-rnd2,B A C P O Q,37,45.87186265,0,-45.87186265,-3.300316718
95,95,S,S,PICV3739-rnd2,B A C P O Q,37,45.87186265,0,-45.87186265,NA
95,95,S,T,PICV3739-rnd2,B A C P O Q,37,45.87186265,0,-45.87186265,-1.835920562
95,95,S,V,PICV3739-rnd2,B A C P O Q,37,45.87186265,0,-45.87186265,-3.097727364
95,95,S,W,PICV3739-rnd2,B A C P O Q,37,45.87186265,0,-45.87186265,-1.982332046
95,95,S,Y,PICV3739-rnd2,B A C P O Q,37,45.87186265,0,-45.87186265,-2.048127323
96,96,T,A,PICV3739-rnd2,B A C P O Q,38,41.86258569,0.748416921,-41.11416877,0.509259306
96,96,T,C,PICV3739-rnd2,B A C P O Q,38,41.86258569,0.748416921,-41.11416877,-1.740686266
96,96,T,D,PICV3739-rnd2,B A C P O Q,38,41.86258569,0.748416921,-41.11416877,-2.287020785
96,96,T,E,PICV3739-rnd2,B A C P O Q,38,41.86258569,0.748416921,-41.11416877,-2.789177824
96,96,T,F,PICV3739-rnd2,B A C P O Q,38,41.86258569,0.748416921,-41.11416877,-3.355757773
96,96,T,G,PICV3739-rnd2,B A C P O Q,38,41.86258569,0.748416921,-41.11416877,-2.287020785
96,96,T,H,PICV3739-rnd2,B A C P O Q,38,41.86258569,0.748416921,-41.11416877,-3.381557094
96,96,T,I,PICV3739-rnd2,B A C P O Q,38,41.86258569,0.748416921,-41.11416877,-3.379418171
96,96,T,K,PICV3739-rnd2,B A C P O Q,38,41.86258569,0.748416921,-41.11416877,-0.052429721
96,96,T,L,PICV3739-rnd2,B A C P O Q,38,41.86258569,0.748416921,-41.11416877,-2.805652236
96,96,T,M,PICV3739-rnd2,B A C P O Q,38,41.86258569,0.748416921,-41.11416877,-2.446901063
96,96,T,N,PICV3739-rnd2,B A C P O Q,38,41.86258569,0.748416921,-41.11416877,-3.50405608
96,96,T,P,PICV3739-rnd2,B A C P O Q,38,41.86258569,0.748416921,-41.11416877,0.239157615
96,96,T,Q,PICV3739-rnd2,B A C P O Q,38,41.86258569,0.748416921,-41.11416877,-1.413523913
96,96,T,R,PICV3739-rnd2,B A C P O Q,38,41.86258569,0.748416921,-41.11416877,-1.304676392
96,96,T,S,PICV3739-rnd2,B A C P O Q,38,41.86258569,0.748416921,-41.11416877,-1.563744056
96,96,T,T,PICV3739-rnd2,B A C P O Q,38,41.86258569,0.748416921,-41.11416877,NA
96,96,T,V,PICV3739-rnd2,B A C P O Q,38,41.86258569,0.748416921,-41.11416877,-3.036569311
96,96,T,W,PICV3739-rnd2,B A C P O Q,38,41.86258569,0.748416921,-41.11416877,-3.003720672
96,96,T,Y,PICV3739-rnd2,B A C P O Q,38,41.86258569,0.748416921,-41.11416877,-2.762256627
97,97,V,A,PICV3739-rnd2,B A C P O Q,39,57.31833286,0,-57.31833286,-4.347623019
97,97,V,C,PICV3739-rnd2,B A C P O Q,39,57.31833286,0,-57.31833286,-5.222846678
97,97,V,D,PICV3739-rnd2,B A C P O Q,39,57.31833286,0,-57.31833286,-3.607087736
97,97,V,E,PICV3739-rnd2,B A C P O Q,39,57.31833286,0,-57.31833286,-5.320271777
97,97,V,F,PICV3739-rnd2,B A C P O Q,39,57.31833286,0,-57.31833286,-2.363784998
97,97,V,G,PICV3739-rnd2,B A C P O Q,39,57.31833286,0,-57.31833286,-1.798171494
97,97,V,H,PICV3739-rnd2,B A C P O Q,39,57.31833286,0,-57.31833286,-1.207748597
97,97,V,I,PICV3739-rnd2,B A C P O Q,39,57.31833286,0,-57.31833286,-1.765831905
97,97,V,K,PICV3739-rnd2,B A C P O Q,39,57.31833286,0,-57.31833286,-2.593815279
97,97,V,L,PICV3739-rnd2,B A C P O Q,39,57.31833286,0,-57.31833286,-3.330940874
97,97,V,M,PICV3739-rnd2,B A C P O Q,39,57.31833286,0,-57.31833286,-3.887112011
97,97,V,N,PICV3739-rnd2,B A C P O Q,39,57.31833286,0,-57.31833286,-4.485999342
97,97,V,P,PICV3739-rnd2,B A C P O Q,39,57.31833286,0,-57.31833286,-3.231336631
97,97,V,Q,PICV3739-rnd2,B A C P O Q,39,57.31833286,0,-57.31833286,-0.625579793
97,97,V,R,PICV3739-rnd2,B A C P O Q,39,57.31833286,0,-57.31833286,-4.784421286
97,97,V,S,PICV3739-rnd2,B A C P O Q,39,57.31833286,0,-57.31833286,-1.881172835
97,97,V,T,PICV3739-rnd2,B A C P O Q,39,57.31833286,0,-57.31833286,-1.995300659
97,97,V,V,PICV3739-rnd2,B A C P O Q,39,57.31833286,0,-57.31833286,NA
97,97,V,W,PICV3739-rnd2,B A C P O Q,39,57.31833286,0,-57.31833286,-1.85370655
97,97,V,Y,PICV3739-rnd2,B A C P O Q,39,57.31833286,0,-57.31833286,-3.015581396
98,98,S,A,PICV3739-rnd2,B A C P O Q,40,61.83811879,0,-61.83811879,-4.791238084
98,98,S,C,PICV3739-rnd2,B A C P O Q,40,61.83811879,0,-61.83811879,-1.014806418
98,98,S,D,PICV3739-rnd2,B A C P O Q,40,61.83811879,0,-61.83811879,-2.813650454
98,98,S,E,PICV3739-rnd2,B A C P O Q,40,61.83811879,0,-61.83811879,-1.677388948
98,98,S,F,PICV3739-rnd2,B A C P O Q,40,61.83811879,0,-61.83811879,-2.921430562
98,98,S,G,PICV3739-rnd2,B A C P O Q,40,61.83811879,0,-61.83811879,-1.973781558
98,98,S,H,PICV3739-rnd2,B A C P O Q,40,61.83811879,0,-61.83811879,-2.561064658
98,98,S,I,PICV3739-rnd2,B A C P O Q,40,61.83811879,0,-61.83811879,-0.022569361
98,98,S,K,PICV3739-rnd2,B A C P O Q,40,61.83811879,0,-61.83811879,-5.185444736
98,98,S,L,PICV3739-rnd2,B A C P O Q,40,61.83811879,0,-61.83811879,-4.439856011
98,98,S,M,PICV3739-rnd2,B A C P O Q,40,61.83811879,0,-61.83811879,-5.736796896
98,98,S,N,PICV3739-rnd2,B A C P O Q,40,61.83811879,0,-61.83811879,-1.755610177
98,98,S,P,PICV3739-rnd2,B A C P O Q,40,61.83811879,0,-61.83811879,-3.27282528
98,98,S,Q,PICV3739-rnd2,B A C P O Q,40,61.83811879,0,-61.83811879,-5.958201451
98,98,S,R,PICV3739-rnd2,B A C P O Q,40,61.83811879,0,-61.83811879,-0.013886007
98,98,S,S,PICV3739-rnd2,B A C P O Q,40,61.83811879,0,-61.83811879,NA
98,98,S,T,PICV3739-rnd2,B A C P O Q,40,61.83811879,0,-61.83811879,-3.5930016
98,98,S,V,PICV3739-rnd2,B A C P O Q,40,61.83811879,0,-61.83811879,-6.198969199
98,98,S,W,PICV3739-rnd2,B A C P O Q,40,61.83811879,0,-61.83811879,-4.180644477
98,98,S,Y,PICV3739-rnd2,B A C P O Q,40,61.83811879,0,-61.83811879,-3.726952911
99,99,D,A,PICV3739-rnd2,B A C P O Q,41,42.89799363,0,-42.89799363,-2.817059105
99,99,D,C,PICV3739-rnd2,B A C P O Q,41,42.89799363,0,-42.89799363,-4.25549085
99,99,D,D,PICV3739-rnd2,B A C P O Q,41,42.89799363,0,-42.89799363,NA
99,99,D,E,PICV3739-rnd2,B A C P O Q,41,42.89799363,0,-42.89799363,-1.937710602
99,99,D,F,PICV3739-rnd2,B A C P O Q,41,42.89799363,0,-42.89799363,-2.624414027
99,99,D,G,PICV3739-rnd2,B A C P O Q,41,42.89799363,0,-42.89799363,-1.337569478
99,99,D,H,PICV3739-rnd2,B A C P O Q,41,42.89799363,0,-42.89799363,-0.773305421
99,99,D,I,PICV3739-rnd2,B A C P O Q,41,42.89799363,0,-42.89799363,-2.749893271
99,99,D,K,PICV3739-rnd2,B A C P O Q,41,42.89799363,0,-42.89799363,-1.150469431
99,99,D,L,PICV3739-rnd2,B A C P O Q,41,42.89799363,0,-42.89799363,-1.910278217
99,99,D,M,PICV3739-rnd2,B A C P O Q,41,42.89799363,0,-42.89799363,-0.637643635
99,99,D,N,PICV3739-rnd2,B A C P O Q,41,42.89799363,0,-42.89799363,-3.01578142
99,99,D,P,PICV3739-rnd2,B A C P O Q,41,42.89799363,0,-42.89799363,-2.668419742
99,99,D,Q,PICV3739-rnd2,B A C P O Q,41,42.89799363,0,-42.89799363,-2.768703126
99,99,D,R,PICV3739-rnd2,B A C P O Q,41,42.89799363,0,-42.89799363,-2.728578965
99,99,D,S,PICV3739-rnd2,B A C P O Q,41,42.89799363,0,-42.89799363,-2.113001782
99,99,D,T,PICV3739-rnd2,B A C P O Q,41,42.89799363,0,-42.89799363,-2.668419742
99,99,D,V,PICV3739-rnd2,B A C P O Q,41,42.89799363,0,-42.89799363,-1.429508888
99,99,D,W,PICV3739-rnd2,B A C P O Q,41,42.89799363,0,-42.89799363,-5.058308279
99,99,D,Y,PICV3739-rnd2,B A C P O Q,41,42.89799363,0,-42.89799363,-0.253437651
100,100,C,A,PICV3739-rnd2,B A C P O Q,42,2.362804057,1.395377359,-0.967426698,-2.94E-05
100,100,C,C,PICV3739-rnd2,B A C P O Q,42,2.362804057,1.395377359,-0.967426698,NA
100,100,C,D,PICV3739-rnd2,B A C P O Q,42,2.362804057,1.395377359,-0.967426698,-2.94E-05
100,100,C,E,PICV3739-rnd2,B A C P O Q,42,2.362804057,1.395377359,-0.967426698,-2.94E-05
100,100,C,F,PICV3739-rnd2,B A C P O Q,42,2.362804057,1.395377359,-0.967426698,0.591551575
100,100,C,G,PICV3739-rnd2,B A C P O Q,42,2.362804057,1.395377359,-0.967426698,-0.451631528
100,100,C,H,PICV3739-rnd2,B A C P O Q,42,2.362804057,1.395377359,-0.967426698,-2.94E-05
100,100,C,I,PICV3739-rnd2,B A C P O Q,42,2.362804057,1.395377359,-0.967426698,-2.94E-05
100,100,C,K,PICV3739-rnd2,B A C P O Q,42,2.362804057,1.395377359,-0.967426698,-2.94E-05
100,100,C,L,PICV3739-rnd2,B A C P O Q,42,2.362804057,1.395377359,-0.967426698,-2.94E-05
100,100,C,M,PICV3739-rnd2,B A C P O Q,42,2.362804057,1.395377359,-0.967426698,-2.94E-05
100,100,C,N,PICV3739-rnd2,B A C P O Q,42,2.362804057,1.395377359,-0.967426698,-2.94E-05
100,100,C,P,PICV3739-rnd2,B A C P O Q,42,2.362804057,1.395377359,-0.967426698,-2.94E-05
100,100,C,Q,PICV3739-rnd2,B A C P O Q,42,2.362804057,1.395377359,-0.967426698,-2.94E-05
100,100,C,R,PICV3739-rnd2,B A C P O Q,42,2.362804057,1.395377359,-0.967426698,-0.515412451
100,100,C,S,PICV3739-rnd2,B A C P O Q,42,2.362804057,1.395377359,-0.967426698,0.049582998
100,100,C,T,PICV3739-rnd2,B A C P O Q,42,2.362804057,1.395377359,-0.967426698,-2.94E-05
100,100,C,V,PICV3739-rnd2,B A C P O Q,42,2.362804057,1.395377359,-0.967426698,-2.94E-05
100,100,C,W,PICV3739-rnd2,B A C P O Q,42,2.362804057,1.395377359,-0.967426698,0.176758555
100,100,C,Y,PICV3739-rnd2,B A C P O Q,42,2.362804057,1.395377359,-0.967426698,0.577484232
101,101,Q,A,PICV3739-rnd2,B A C P O Q,43,33.5224871,0.585498733,-32.93698836,-1.903472405
101,101,Q,C,PICV3739-rnd2,B A C P O Q,43,33.5224871,0.585498733,-32.93698836,-2.486970164
101,101,Q,D,PICV3739-rnd2,B A C P O Q,43,33.5224871,0.585498733,-32.93698836,-3.546572373
101,101,Q,E,PICV3739-rnd2,B A C P O Q,43,33.5224871,0.585498733,-32.93698836,0.257393535
101,101,Q,F,PICV3739-rnd2,B A C P O Q,43,33.5224871,0.585498733,-32.93698836,-3.032968303
101,101,Q,G,PICV3739-rnd2,B A C P O Q,43,33.5224871,0.585498733,-32.93698836,-0.001108632
101,101,Q,H,PICV3739-rnd2,B A C P O Q,43,33.5224871,0.585498733,-32.93698836,-1.999365627
101,101,Q,I,PICV3739-rnd2,B A C P O Q,43,33.5224871,0.585498733,-32.93698836,-2.223935758
101,101,Q,K,PICV3739-rnd2,B A C P O Q,43,33.5224871,0.585498733,-32.93698836,0.328105198
101,101,Q,L,PICV3739-rnd2,B A C P O Q,43,33.5224871,0.585498733,-32.93698836,-1.048872419
101,101,Q,M,PICV3739-rnd2,B A C P O Q,43,33.5224871,0.585498733,-32.93698836,-0.266855587
101,101,Q,N,PICV3739-rnd2,B A C P O Q,43,33.5224871,0.585498733,-32.93698836,-1.492090266
101,101,Q,P,PICV3739-rnd2,B A C P O Q,43,33.5224871,0.585498733,-32.93698836,-2.028356729
101,101,Q,Q,PICV3739-rnd2,B A C P O Q,43,33.5224871,0.585498733,-32.93698836,NA
101,101,Q,R,PICV3739-rnd2,B A C P O Q,43,33.5224871,0.585498733,-32.93698836,-0.787058378
101,101,Q,S,PICV3739-rnd2,B A C P O Q,43,33.5224871,0.585498733,-32.93698836,-2.706428634
101,101,Q,T,PICV3739-rnd2,B A C P O Q,43,33.5224871,0.585498733,-32.93698836,-1.763618
101,101,Q,V,PICV3739-rnd2,B A C P O Q,43,33.5224871,0.585498733,-32.93698836,-2.533613895
101,101,Q,W,PICV3739-rnd2,B A C P O Q,43,33.5224871,0.585498733,-32.93698836,-3.352083195
101,101,Q,Y,PICV3739-rnd2,B A C P O Q,43,33.5224871,0.585498733,-32.93698836,-1.763618
102,102,V,A,PICV3739-rnd2,B A C P O Q,44,38.56958542,1.290166112,-37.27941931,-0.923837518
102,102,V,C,PICV3739-rnd2,B A C P O Q,44,38.56958542,1.290166112,-37.27941931,-1.26121189
102,102,V,D,PICV3739-rnd2,B A C P O Q,44,38.56958542,1.290166112,-37.27941931,-1.370963111
102,102,V,E,PICV3739-rnd2,B A C P O Q,44,38.56958542,1.290166112,-37.27941931,-3.019324311
102,102,V,F,PICV3739-rnd2,B A C P O Q,44,38.56958542,1.290166112,-37.27941931,-2.864253636
102,102,V,G,PICV3739-rnd2,B A C P O Q,44,38.56958542,1.290166112,-37.27941931,-2.434618381
102,102,V,H,PICV3739-rnd2,B A C P O Q,44,38.56958542,1.290166112,-37.27941931,-3.942020765
102,102,V,I,PICV3739-rnd2,B A C P O Q,44,38.56958542,1.290166112,-37.27941931,-2.533670147
102,102,V,K,PICV3739-rnd2,B A C P O Q,44,38.56958542,1.290166112,-37.27941931,-1.684788632
102,102,V,L,PICV3739-rnd2,B A C P O Q,44,38.56958542,1.290166112,-37.27941931,-0.415011111
102,102,V,M,PICV3739-rnd2,B A C P O Q,44,38.56958542,1.290166112,-37.27941931,-0.261928106
102,102,V,N,PICV3739-rnd2,B A C P O Q,44,38.56958542,1.290166112,-37.27941931,1.290166112
102,102,V,P,PICV3739-rnd2,B A C P O Q,44,38.56958542,1.290166112,-37.27941931,-2.388954392
102,102,V,Q,PICV3739-rnd2,B A C P O Q,44,38.56958542,1.290166112,-37.27941931,-1.763666958
102,102,V,R,PICV3739-rnd2,B A C P O Q,44,38.56958542,1.290166112,-37.27941931,-0.001115388
102,102,V,S,PICV3739-rnd2,B A C P O Q,44,38.56958542,1.290166112,-37.27941931,-3.56920019
102,102,V,T,PICV3739-rnd2,B A C P O Q,44,38.56958542,1.290166112,-37.27941931,-0.942503971
102,102,V,V,PICV3739-rnd2,B A C P O Q,44,38.56958542,1.290166112,-37.27941931,NA
102,102,V,W,PICV3739-rnd2,B A C P O Q,44,38.56958542,1.290166112,-37.27941931,-5.463527388
102,102,V,Y,PICV3739-rnd2,B A C P O Q,44,38.56958542,1.290166112,-37.27941931,-2.438823415
103,103,G,A,PICV3739-rnd2,B A C P O Q,45,49.19755234,0.163117853,-49.03443449,-2.217518026
103,103,G,C,PICV3739-rnd2,B A C P O Q,45,49.19755234,0.163117853,-49.03443449,-3.103556843
103,103,G,D,PICV3739-rnd2,B A C P O Q,45,49.19755234,0.163117853,-49.03443449,-5.199394562
103,103,G,E,PICV3739-rnd2,B A C P O Q,45,49.19755234,0.163117853,-49.03443449,-1.904809718
103,103,G,F,PICV3739-rnd2,B A C P O Q,45,49.19755234,0.163117853,-49.03443449,-0.004200123
103,103,G,G,PICV3739-rnd2,B A C P O Q,45,49.19755234,0.163117853,-49.03443449,NA
103,103,G,H,PICV3739-rnd2,B A C P O Q,45,49.19755234,0.163117853,-49.03443449,-3.966453143
103,103,G,I,PICV3739-rnd2,B A C P O Q,45,49.19755234,0.163117853,-49.03443449,-1.68934044
103,103,G,K,PICV3739-rnd2,B A C P O Q,45,49.19755234,0.163117853,-49.03443449,-4.392489584
103,103,G,L,PICV3739-rnd2,B A C P O Q,45,49.19755234,0.163117853,-49.03443449,-3.703418737
103,103,G,M,PICV3739-rnd2,B A C P O Q,45,49.19755234,0.163117853,-49.03443449,-3.452583456
103,103,G,N,PICV3739-rnd2,B A C P O Q,45,49.19755234,0.163117853,-49.03443449,-1.340994625
103,103,G,P,PICV3739-rnd2,B A C P O Q,45,49.19755234,0.163117853,-49.03443449,-3.663269851
103,103,G,Q,PICV3739-rnd2,B A C P O Q,45,49.19755234,0.163117853,-49.03443449,-3.103556843
103,103,G,R,PICV3739-rnd2,B A C P O Q,45,49.19755234,0.163117853,-49.03443449,-0.313320575
103,103,G,S,PICV3739-rnd2,B A C P O Q,45,49.19755234,0.163117853,-49.03443449,-3.702830641
103,103,G,T,PICV3739-rnd2,B A C P O Q,45,49.19755234,0.163117853,-49.03443449,-2.963955173
103,103,G,V,PICV3739-rnd2,B A C P O Q,45,49.19755234,0.163117853,-49.03443449,-0.781890449
103,103,G,W,PICV3739-rnd2,B A C P O Q,45,49.19755234,0.163117853,-49.03443449,0.163117853
103,103,G,Y,PICV3739-rnd2,B A C P O Q,45,49.19755234,0.163117853,-49.03443449,-3.530851702
104,104,N,A,PICV3739-rnd2,B A C P O Q,46,42.12293641,0,-42.12293641,-1.303062274
104,104,N,C,PICV3739-rnd2,B A C P O Q,46,42.12293641,0,-42.12293641,-3.055347911
104,104,N,D,PICV3739-rnd2,B A C P O Q,46,42.12293641,0,-42.12293641,-1.139585082
104,104,N,E,PICV3739-rnd2,B A C P O Q,46,42.12293641,0,-42.12293641,-3.134227365
104,104,N,F,PICV3739-rnd2,B A C P O Q,46,42.12293641,0,-42.12293641,-2.915752471
104,104,N,G,PICV3739-rnd2,B A C P O Q,46,42.12293641,0,-42.12293641,-2.064415874
104,104,N,H,PICV3739-rnd2,B A C P O Q,46,42.12293641,0,-42.12293641,-3.772475749
104,104,N,I,PICV3739-rnd2,B A C P O Q,46,42.12293641,0,-42.12293641,-1.90925181
104,104,N,K,PICV3739-rnd2,B A C P O Q,46,42.12293641,0,-42.12293641,-0.083211805
104,104,N,L,PICV3739-rnd2,B A C P O Q,46,42.12293641,0,-42.12293641,-3.696582402
104,104,N,M,PICV3739-rnd2,B A C P O Q,46,42.12293641,0,-42.12293641,-2.597243507
104,104,N,N,PICV3739-rnd2,B A C P O Q,46,42.12293641,0,-42.12293641,NA
104,104,N,P,PICV3739-rnd2,B A C P O Q,46,42.12293641,0,-42.12293641,-2.551990532
104,104,N,Q,PICV3739-rnd2,B A C P O Q,46,42.12293641,0,-42.12293641,-2.339844381
104,104,N,R,PICV3739-rnd2,B A C P O Q,46,42.12293641,0,-42.12293641,-3.432768857
104,104,N,S,PICV3739-rnd2,B A C P O Q,46,42.12293641,0,-42.12293641,-1.009665028
104,104,N,T,PICV3739-rnd2,B A C P O Q,46,42.12293641,0,-42.12293641,-0.640097262
104,104,N,V,PICV3739-rnd2,B A C P O Q,46,42.12293641,0,-42.12293641,-2.84247238
104,104,N,W,PICV3739-rnd2,B A C P O Q,46,42.12293641,0,-42.12293641,-1.322426204
104,104,N,Y,PICV3739-rnd2,B A C P O Q,46,42.12293641,0,-42.12293641,-2.31251552
105,105,T,A,PICV3739-rnd2,B A C P O Q,47,46.59290735,0.962113827,-45.63079352,-2.342488475
105,105,T,C,PICV3739-rnd2,B A C P O Q,47,46.59290735,0.962113827,-45.63079352,-3.246189979
105,105,T,D,PICV3739-rnd2,B A C P O Q,47,46.59290735,0.962113827,-45.63079352,-2.580881417
105,105,T,E,PICV3739-rnd2,B A C P O Q,47,46.59290735,0.962113827,-45.63079352,-3.301231596
105,105,T,F,PICV3739-rnd2,B A C P O Q,47,46.59290735,0.962113827,-45.63079352,-3.891330428
105,105,T,G,PICV3739-rnd2,B A C P O Q,47,46.59290735,0.962113827,-45.63079352,-1.841788612
105,105,T,H,PICV3739-rnd2,B A C P O Q,47,46.59290735,0.962113827,-45.63079352,-2.62469797
105,105,T,I,PICV3739-rnd2,B A C P O Q,47,46.59290735,0.962113827,-45.63079352,-3.301231596
105,105,T,K,PICV3739-rnd2,B A C P O Q,47,46.59290735,0.962113827,-45.63079352,0.793250565
105,105,T,L,PICV3739-rnd2,B A C P O Q,47,46.59290735,0.962113827,-45.63079352,-3.77947853
105,105,T,M,PICV3739-rnd2,B A C P O Q,47,46.59290735,0.962113827,-45.63079352,-1.045196754
105,105,T,N,PICV3739-rnd2,B A C P O Q,47,46.59290735,0.962113827,-45.63079352,-3.159477928
105,105,T,P,PICV3739-rnd2,B A C P O Q,47,46.59290735,0.962113827,-45.63079352,-2.667656896
105,105,T,Q,PICV3739-rnd2,B A C P O Q,47,46.59290735,0.962113827,-45.63079352,-1.744636588
105,105,T,R,PICV3739-rnd2,B A C P O Q,47,46.59290735,0.962113827,-45.63079352,0.168863262
105,105,T,S,PICV3739-rnd2,B A C P O Q,47,46.59290735,0.962113827,-45.63079352,-1.448817517
105,105,T,T,PICV3739-rnd2,B A C P O Q,47,46.59290735,0.962113827,-45.63079352,NA
105,105,T,V,PICV3739-rnd2,B A C P O Q,47,46.59290735,0.962113827,-45.63079352,-3.430294724
105,105,T,W,PICV3739-rnd2,B A C P O Q,47,46.59290735,0.962113827,-45.63079352,-1.197259208
105,105,T,Y,PICV3739-rnd2,B A C P O Q,47,46.59290735,0.962113827,-45.63079352,-4.028135305
106,106,T,A,PICV3739-rnd2,B A C P O Q,48,35.89946488,1.278247482,-34.6212174,-0.886338027
106,106,T,C,PICV3739-rnd2,B A C P O Q,48,35.89946488,1.278247482,-34.6212174,-3.186699366
106,106,T,D,PICV3739-rnd2,B A C P O Q,48,35.89946488,1.278247482,-34.6212174,-3.088935912
106,106,T,E,PICV3739-rnd2,B A C P O Q,48,35.89946488,1.278247482,-34.6212174,1.229054151
106,106,T,F,PICV3739-rnd2,B A C P O Q,48,35.89946488,1.278247482,-34.6212174,-1.597814703
106,106,T,G,PICV3739-rnd2,B A C P O Q,48,35.89946488,1.278247482,-34.6212174,-3.852686805
106,106,T,H,PICV3739-rnd2,B A C P O Q,48,35.89946488,1.278247482,-34.6212174,-1.359461863
106,106,T,I,PICV3739-rnd2,B A C P O Q,48,35.89946488,1.278247482,-34.6212174,-0.601736865
106,106,T,K,PICV3739-rnd2,B A C P O Q,48,35.89946488,1.278247482,-34.6212174,-0.256109988
106,106,T,L,PICV3739-rnd2,B A C P O Q,48,35.89946488,1.278247482,-34.6212174,-3.127115892
106,106,T,M,PICV3739-rnd2,B A C P O Q,48,35.89946488,1.278247482,-34.6212174,-2.746469617
106,106,T,N,PICV3739-rnd2,B A C P O Q,48,35.89946488,1.278247482,-34.6212174,-1.668970195
106,106,T,P,PICV3739-rnd2,B A C P O Q,48,35.89946488,1.278247482,-34.6212174,0.049193331
106,106,T,Q,PICV3739-rnd2,B A C P O Q,48,35.89946488,1.278247482,-34.6212174,-2.703376677
106,106,T,R,PICV3739-rnd2,B A C P O Q,48,35.89946488,1.278247482,-34.6212174,-1.413812876
106,106,T,S,PICV3739-rnd2,B A C P O Q,48,35.89946488,1.278247482,-34.6212174,-1.025811069
106,106,T,T,PICV3739-rnd2,B A C P O Q,48,35.89946488,1.278247482,-34.6212174,NA
106,106,T,V,PICV3739-rnd2,B A C P O Q,48,35.89946488,1.278247482,-34.6212174,-0.389109255
106,106,T,W,PICV3739-rnd2,B A C P O Q,48,35.89946488,1.278247482,-34.6212174,-2.864081486
106,106,T,Y,PICV3739-rnd2,B A C P O Q,48,35.89946488,1.278247482,-34.6212174,-3.852686805
107,107,D,A,PICV3739-rnd2,B A C P O Q,49,44.28802567,1.151846255,-43.13617942,-2.041440675
107,107,D,C,PICV3739-rnd2,B A C P O Q,49,44.28802567,1.151846255,-43.13617942,-2.483567605
107,107,D,D,PICV3739-rnd2,B A C P O Q,49,44.28802567,1.151846255,-43.13617942,NA
107,107,D,E,PICV3739-rnd2,B A C P O Q,49,44.28802567,1.151846255,-43.13617942,0.518718617
107,107,D,F,PICV3739-rnd2,B A C P O Q,49,44.28802567,1.151846255,-43.13617942,-3.972133262
107,107,D,G,PICV3739-rnd2,B A C P O Q,49,44.28802567,1.151846255,-43.13617942,-1.573672631
107,107,D,H,PICV3739-rnd2,B A C P O Q,49,44.28802567,1.151846255,-43.13617942,-1.71620436
107,107,D,I,PICV3739-rnd2,B A C P O Q,49,44.28802567,1.151846255,-43.13617942,-1.909281378
107,107,D,K,PICV3739-rnd2,B A C P O Q,49,44.28802567,1.151846255,-43.13617942,-1.57392492
107,107,D,L,PICV3739-rnd2,B A C P O Q,49,44.28802567,1.151846255,-43.13617942,-2.280410158
107,107,D,M,PICV3739-rnd2,B A C P O Q,49,44.28802567,1.151846255,-43.13617942,-2.782070011
107,107,D,N,PICV3739-rnd2,B A C P O Q,49,44.28802567,1.151846255,-43.13617942,-1.129032157
107,107,D,P,PICV3739-rnd2,B A C P O Q,49,44.28802567,1.151846255,-43.13617942,-3.673036726
107,107,D,Q,PICV3739-rnd2,B A C P O Q,49,44.28802567,1.151846255,-43.13617942,-3.609333464
107,107,D,R,PICV3739-rnd2,B A C P O Q,49,44.28802567,1.151846255,-43.13617942,-3.792578999
107,107,D,S,PICV3739-rnd2,B A C P O Q,49,44.28802567,1.151846255,-43.13617942,-3.111012597
107,107,D,T,PICV3739-rnd2,B A C P O Q,49,44.28802567,1.151846255,-43.13617942,-3.322007705
107,107,D,V,PICV3739-rnd2,B A C P O Q,49,44.28802567,1.151846255,-43.13617942,-0.693661036
107,107,D,W,PICV3739-rnd2,B A C P O Q,49,44.28802567,1.151846255,-43.13617942,-3.472811734
107,107,D,Y,PICV3739-rnd2,B A C P O Q,49,44.28802567,1.151846255,-43.13617942,0.633127638
108,108,F,A,PICV3739-rnd2,B A C P O Q,50,47.01106431,0,-47.01106431,-3.194694808
108,108,F,C,PICV3739-rnd2,B A C P O Q,50,47.01106431,0,-47.01106431,-0.81589844
108,108,F,D,PICV3739-rnd2,B A C P O Q,50,47.01106431,0,-47.01106431,-5.687412137
108,108,F,E,PICV3739-rnd2,B A C P O Q,50,47.01106431,0,-47.01106431,-1.692687892
108,108,F,F,PICV3739-rnd2,B A C P O Q,50,47.01106431,0,-47.01106431,NA
108,108,F,G,PICV3739-rnd2,B A C P O Q,50,47.01106431,0,-47.01106431,-2.766485416
108,108,F,H,PICV3739-rnd2,B A C P O Q,50,47.01106431,0,-47.01106431,-2.97441724
108,108,F,I,PICV3739-rnd2,B A C P O Q,50,47.01106431,0,-47.01106431,-1.587997261
108,108,F,K,PICV3739-rnd2,B A C P O Q,50,47.01106431,0,-47.01106431,-3.135114073
108,108,F,L,PICV3739-rnd2,B A C P O Q,50,47.01106431,0,-47.01106431,-0.491990623
108,108,F,M,PICV3739-rnd2,B A C P O Q,50,47.01106431,0,-47.01106431,-2.117830716
108,108,F,N,PICV3739-rnd2,B A C P O Q,50,47.01106431,0,-47.01106431,-2.345182403
108,108,F,P,PICV3739-rnd2,B A C P O Q,50,47.01106431,0,-47.01106431,-3.333696207
108,108,F,Q,PICV3739-rnd2,B A C P O Q,50,47.01106431,0,-47.01106431,-2.494895562
108,108,F,R,PICV3739-rnd2,B A C P O Q,50,47.01106431,0,-47.01106431,-4.729783649
108,108,F,S,PICV3739-rnd2,B A C P O Q,50,47.01106431,0,-47.01106431,-1.217052715
108,108,F,T,PICV3739-rnd2,B A C P O Q,50,47.01106431,0,-47.01106431,-3.932417555
108,108,F,V,PICV3739-rnd2,B A C P O Q,50,47.01106431,0,-47.01106431,-0.703133518
108,108,F,W,PICV3739-rnd2,B A C P O Q,50,47.01106431,0,-47.01106431,-2.586715279
108,108,F,Y,PICV3739-rnd2,B A C P O Q,50,47.01106431,0,-47.01106431,-1.203658819
109,109,C,A,PICV3739-rnd2,B A C P O Q,51,58.56614742,58.56614742,0,7.917003361
109,109,C,C,PICV3739-rnd2,B A C P O Q,51,58.56614742,58.56614742,0,NA
109,109,C,D,PICV3739-rnd2,B A C P O Q,51,58.56614742,58.56614742,0,5.934200943
109,109,C,E,PICV3739-rnd2,B A C P O Q,51,58.56614742,58.56614742,0,3.542930268
109,109,C,F,PICV3739-rnd2,B A C P O Q,51,58.56614742,58.56614742,0,2.928591961
109,109,C,G,PICV3739-rnd2,B A C P O Q,51,58.56614742,58.56614742,0,3.364368779
109,109,C,H,PICV3739-rnd2,B A C P O Q,51,58.56614742,58.56614742,0,2.711292582
109,109,C,I,PICV3739-rnd2,B A C P O Q,51,58.56614742,58.56614742,0,3.78800265
109,109,C,K,PICV3739-rnd2,B A C P O Q,51,58.56614742,58.56614742,0,0.649202714
109,109,C,L,PICV3739-rnd2,B A C P O Q,51,58.56614742,58.56614742,0,0.905613548
109,109,C,M,PICV3739-rnd2,B A C P O Q,51,58.56614742,58.56614742,0,2.040436584
109,109,C,N,PICV3739-rnd2,B A C P O Q,51,58.56614742,58.56614742,0,3.942273503
109,109,C,P,PICV3739-rnd2,B A C P O Q,51,58.56614742,58.56614742,0,3.983502859
109,109,C,Q,PICV3739-rnd2,B A C P O Q,51,58.56614742,58.56614742,0,2.183240149
109,109,C,R,PICV3739-rnd2,B A C P O Q,51,58.56614742,58.56614742,0,1.134629541
109,109,C,S,PICV3739-rnd2,B A C P O Q,51,58.56614742,58.56614742,0,4.331728199
109,109,C,T,PICV3739-rnd2,B A C P O Q,51,58.56614742,58.56614742,0,3.203196182
109,109,C,V,PICV3739-rnd2,B A C P O Q,51,58.56614742,58.56614742,0,2.084641361
109,109,C,W,PICV3739-rnd2,B A C P O Q,51,58.56614742,58.56614742,0,0.107262268
109,109,C,Y,PICV3739-rnd2,B A C P O Q,51,58.56614742,58.56614742,0,3.814029964
110,110,S,A,PICV3739-rnd2,B A C P O Q,52,56.82373762,0.27308959,-56.55064803,-1.411781851
110,110,S,C,PICV3739-rnd2,B A C P O Q,52,56.82373762,0.27308959,-56.55064803,-1.061521052
110,110,S,D,PICV3739-rnd2,B A C P O Q,52,56.82373762,0.27308959,-56.55064803,-4.645615354
110,110,S,E,PICV3739-rnd2,B A C P O Q,52,56.82373762,0.27308959,-56.55064803,-2.443370387
110,110,S,F,PICV3739-rnd2,B A C P O Q,52,56.82373762,0.27308959,-56.55064803,-3.94112797
110,110,S,G,PICV3739-rnd2,B A C P O Q,52,56.82373762,0.27308959,-56.55064803,-3.660753341
110,110,S,H,PICV3739-rnd2,B A C P O Q,52,56.82373762,0.27308959,-56.55064803,-4.311460794
110,110,S,I,PICV3739-rnd2,B A C P O Q,52,56.82373762,0.27308959,-56.55064803,-3.069753825
110,110,S,K,PICV3739-rnd2,B A C P O Q,52,56.82373762,0.27308959,-56.55064803,-4.228547111
110,110,S,L,PICV3739-rnd2,B A C P O Q,52,56.82373762,0.27308959,-56.55064803,-3.762496128
110,110,S,M,PICV3739-rnd2,B A C P O Q,52,56.82373762,0.27308959,-56.55064803,-3.191499248
110,110,S,N,PICV3739-rnd2,B A C P O Q,52,56.82373762,0.27308959,-56.55064803,-2.232602839
110,110,S,P,PICV3739-rnd2,B A C P O Q,52,56.82373762,0.27308959,-56.55064803,-0.74399647
110,110,S,Q,PICV3739-rnd2,B A C P O Q,52,56.82373762,0.27308959,-56.55064803,-3.481385185
110,110,S,R,PICV3739-rnd2,B A C P O Q,52,56.82373762,0.27308959,-56.55064803,-3.382580076
110,110,S,S,PICV3739-rnd2,B A C P O Q,52,56.82373762,0.27308959,-56.55064803,NA
110,110,S,T,PICV3739-rnd2,B A C P O Q,52,56.82373762,0.27308959,-56.55064803,-5.167920086
110,110,S,V,PICV3739-rnd2,B A C P O Q,52,56.82373762,0.27308959,-56.55064803,-2.174721787
110,110,S,W,PICV3739-rnd2,B A C P O Q,52,56.82373762,0.27308959,-56.55064803,-3.639514526
110,110,S,Y,PICV3739-rnd2,B A C P O Q,52,56.82373762,0.27308959,-56.55064803,0.27308959
